layer_name,parameter_shape,parameter_norm,gradient_norm,update_norm,update_to_weight_ratio,learning_rate,warmup_fraction,schedule_multiplier,optimizer_step,execution_mode
token_emb.weight,"[33, 64]",46.13385009765625,0.04826914519071579,0.0005880327080376446,1.2746230951739244e-05,2.9999999999999997e-05,0.1,0.1,0,smoke
pos_emb.weight,"[32, 64]",44.932003021240234,0.04742716997861862,0.0004157866060268134,9.253685081216231e-06,2.9999999999999997e-05,0.1,0.1,0,smoke
blocks.0.ln1.weight,[64],8.0,0.012228073552250862,0.0002400280354777351,3.0003504434716888e-05,2.9999999999999997e-05,0.1,0.1,0,smoke
blocks.0.ln1.bias,[64],0.0,0.016810767352581024,0.00023999594850465655,23999.594850465655,2.9999999999999997e-05,0.1,0.1,0,smoke
blocks.0.attn.qkv.weight,"[192, 64]",7.9970383644104,0.17068687081336975,0.0033247838728129864,0.0004157518973035605,2.9999999999999997e-05,0.1,0.1,0,smoke
blocks.0.attn.proj.weight,"[64, 64]",4.644518852233887,0.17690172791481018,0.0019199703820049763,0.00041338412935529865,2.9999999999999997e-05,0.1,0.1,0,smoke
blocks.0.ln2.weight,[64],8.0,0.0091556953266263,0.00024005785235203803,3.0007231544004753e-05,2.9999999999999997e-05,0.1,0.1,0,smoke
blocks.0.ln2.bias,[64],0.0,0.011347262188792229,0.00023999347467906773,23999.347467906773,2.9999999999999997e-05,0.1,0.1,0,smoke
blocks.0.mlp.fc1.weight,"[256, 64]",9.292614936828613,0.13490043580532074,0.0038394341245293617,0.00041317047468661014,2.9999999999999997e-05,0.1,0.1,0,smoke
blocks.0.mlp.fc1.bias,[256],1.1810626983642578,0.016891635954380035,0.0004799690213985741,0.0004063874187740576,2.9999999999999997e-05,0.1,0.1,0,smoke
blocks.0.mlp.fc2.weight,"[64, 256]",4.587711811065674,0.2590915262699127,0.0038397551979869604,0.000836965214058428,2.9999999999999997e-05,0.1,0.1,0,smoke
blocks.0.mlp.fc2.bias,[64],0.27718621492385864,0.04518537223339081,0.00023999738914426416,0.0008658345048298667,2.9999999999999997e-05,0.1,0.1,0,smoke
blocks.1.ln1.weight,[64],8.0,0.010496847331523895,0.00024007272440940142,3.0009090551175177e-05,2.9999999999999997e-05,0.1,0.1,0,smoke
blocks.1.ln1.bias,[64],0.0,0.014318175613880157,0.0002399942313786596,23999.42313786596,2.9999999999999997e-05,0.1,0.1,0,smoke
blocks.1.attn.qkv.weight,"[192, 64]",8.01540470123291,0.1754821538925171,0.003324619261547923,0.0004147787149208496,2.9999999999999997e-05,0.1,0.1,0,smoke
blocks.1.attn.proj.weight,"[64, 64]",4.575300693511963,0.1695134937763214,0.0019199728267267346,0.000419638610736419,2.9999999999999997e-05,0.1,0.1,0,smoke
blocks.1.ln2.weight,[64],8.0,0.011082676239311695,0.0002400727680651471,3.0009096008143388e-05,2.9999999999999997e-05,0.1,0.1,0,smoke
blocks.1.ln2.bias,[64],0.0,0.00890188105404377,0.0002399895020062104,23998.95020062104,2.9999999999999997e-05,0.1,0.1,0,smoke
blocks.1.mlp.fc1.weight,"[256, 64]",9.241835594177246,0.13326555490493774,0.0038393079303205013,0.000415426988631937,2.9999999999999997e-05,0.1,0.1,0,smoke
blocks.1.mlp.fc1.bias,[256],1.1367833614349365,0.015686728060245514,0.00047996744979172945,0.00042221540715187556,2.9999999999999997e-05,0.1,0.1,0,smoke
blocks.1.mlp.fc2.weight,"[64, 256]",4.634398937225342,0.2420922815799713,0.003839722368866205,0.0008285265081570822,2.9999999999999997e-05,0.1,0.1,0,smoke
blocks.1.mlp.fc2.bias,[64],0.28904587030410767,0.04464186728000641,0.00023999801487661898,0.0008303111704177437,2.9999999999999997e-05,0.1,0.1,0,smoke
ln_f.weight,[64],8.0,0.07605651766061783,0.00024005037266761065,3.000629658345133e-05,2.9999999999999997e-05,0.1,0.1,0,smoke
ln_f.bias,[64],0.0,0.0630955919623375,0.00023999826225917786,23999.826225917786,2.9999999999999997e-05,0.1,0.1,0,smoke
lm_head.weight,"[33, 64]",3.3515899181365967,0.83562833070755,0.0013787202769890428,0.0004113630577321876,2.9999999999999997e-05,0.1,0.1,0,smoke
token_emb.weight,"[33, 64]",46.13385009765625,0.055138811469078064,0.0009827982867136598,2.1303192441846278e-05,5.9999999999999995e-05,0.2,0.2,1,smoke
pos_emb.weight,"[32, 64]",44.932010650634766,0.04034243896603584,0.0006553182611241937,1.4584663620321113e-05,5.9999999999999995e-05,0.2,0.2,1,smoke
blocks.0.ln1.weight,[64],7.999955177307129,0.00991692766547203,0.0003765519359149039,4.706925571071203e-05,5.9999999999999995e-05,0.2,0.2,1,smoke
blocks.0.ln1.bias,[64],0.00023999594850465655,0.01630987599492073,0.00036396089126355946,1.5165293144792302,5.9999999999999995e-05,0.2,0.2,1,smoke
blocks.0.attn.qkv.weight,"[192, 64]",7.9969892501831055,0.16812482476234436,0.005115232430398464,0.0006396447801003786,5.9999999999999995e-05,0.2,0.2,1,smoke
blocks.0.attn.proj.weight,"[64, 64]",4.644455909729004,0.175344780087471,0.0029156117234379053,0.0006277617400415856,5.9999999999999995e-05,0.2,0.2,1,smoke
blocks.0.ln2.weight,[64],7.999999523162842,0.008486722595989704,0.0003532443370204419,4.4155544759430795e-05,5.9999999999999995e-05,0.2,0.2,1,smoke
blocks.0.ln2.bias,[64],0.00023999347467906773,0.01129917148500681,0.0003892432141583413,1.6218908229853266,5.9999999999999995e-05,0.2,0.2,1,smoke
blocks.0.mlp.fc1.weight,"[256, 64]",9.292590141296387,0.1353263109922409,0.006008515600115061,0.0006465921243435824,5.9999999999999995e-05,0.2,0.2,1,smoke
blocks.0.mlp.fc1.bias,[256],1.1810520887374878,0.019500885158777237,0.0007966960547491908,0.0006745647057792659,5.9999999999999995e-05,0.2,0.2,1,smoke
blocks.0.mlp.fc2.weight,"[64, 256]",4.58769416809082,0.2618071138858795,0.006087188143283129,0.0013268513375677626,5.9999999999999995e-05,0.2,0.2,1,smoke
blocks.0.mlp.fc2.bias,[64],0.2771461308002472,0.05273446813225746,0.00038790705730207264,0.0013996481068741901,5.9999999999999995e-05,0.2,0.2,1,smoke
blocks.1.ln1.weight,[64],7.999985218048096,0.010942419990897179,0.0003528044617269188,4.410063920255581e-05,5.9999999999999995e-05,0.2,0.2,1,smoke
blocks.1.ln1.bias,[64],0.0002399942313786596,0.018494192510843277,0.00038479320937767625,1.6033435769152085,5.9999999999999995e-05,0.2,0.2,1,smoke
blocks.1.attn.qkv.weight,"[192, 64]",8.015430450439453,0.17403817176818848,0.0051267738454043865,0.000639613041009333,5.9999999999999995e-05,0.2,0.2,1,smoke
blocks.1.attn.proj.weight,"[64, 64]",4.575270175933838,0.1748148798942566,0.0029494105838239193,0.0006446418398060893,5.9999999999999995e-05,0.2,0.2,1,smoke
blocks.1.ln2.weight,[64],8.000022888183594,0.007086264435201883,0.00035703828325495124,4.462965772039395e-05,5.9999999999999995e-05,0.2,0.2,1,smoke
blocks.1.ln2.bias,[64],0.0002399895020062104,0.00874181929975748,0.0003613877925090492,1.505848337064749,5.9999999999999995e-05,0.2,0.2,1,smoke
blocks.1.mlp.fc1.weight,"[256, 64]",9.241830825805664,0.12469623982906342,0.005959490779787302,0.0006448387654042324,5.9999999999999995e-05,0.2,0.2,1,smoke
blocks.1.mlp.fc1.bias,[256],1.1367759704589844,0.01662062108516693,0.0007763713365420699,0.0006829589617632421,5.9999999999999995e-05,0.2,0.2,1,smoke
blocks.1.mlp.fc2.weight,"[64, 256]",4.63440465927124,0.231062114238739,0.005971925798803568,0.001288606895139505,5.9999999999999995e-05,0.2,0.2,1,smoke
blocks.1.mlp.fc2.bias,[64],0.2890569567680359,0.05219952017068863,0.00038512746687047184,0.0013323584084486545,5.9999999999999995e-05,0.2,0.2,1,smoke
ln_f.weight,[64],7.999962329864502,0.06837663054466248,0.00040338377584703267,5.0423209412020434e-05,5.9999999999999995e-05,0.2,0.2,1,smoke
ln_f.bias,[64],0.00023999826225917786,0.07334235310554504,0.0003954073472414166,1.6475425426806216,5.9999999999999995e-05,0.2,0.2,1,smoke
lm_head.weight,"[33, 64]",3.3515026569366455,0.8380371332168579,0.002200441202148795,0.000656553620088743,5.9999999999999995e-05,0.2,0.2,1,smoke
token_emb.weight,"[33, 64]",46.13386154174805,0.045828334987163544,0.001390403718687594,3.013846385760212e-05,8.999999999999999e-05,0.3,0.3,2,smoke
pos_emb.weight,"[32, 64]",44.9320182800293,0.045828334987163544,0.0009092040709219873,2.023510418017649e-05,8.999999999999999e-05,0.3,0.3,2,smoke
blocks.0.ln1.weight,[64],7.999873638153076,0.011833752505481243,0.00047184256254695356,5.8981251940860335e-05,8.999999999999999e-05,0.3,0.3,2,smoke
blocks.0.ln1.bias,[64],0.0005584675236605108,0.013357617892324924,0.0004941922961734235,0.8849078509242736,8.999999999999999e-05,0.3,0.3,2,smoke
blocks.0.attn.qkv.weight,"[192, 64]",7.996984481811523,0.1572163850069046,0.006068890914320946,0.0007588974229128659,8.999999999999999e-05,0.3,0.3,2,smoke
blocks.0.attn.proj.weight,"[64, 64]",4.644371032714844,0.18379704654216766,0.003574368078261614,0.0007696129471749451,8.999999999999999e-05,0.3,0.3,2,smoke
blocks.0.ln2.weight,[64],7.999985694885254,0.00938374362885952,0.0004321082669775933,5.401362995609596e-05,8.999999999999999e-05,0.3,0.3,2,smoke
blocks.0.ln2.bias,[64],0.000599128077737987,0.010225901380181313,0.0005231240065768361,0.873142197828376,8.999999999999999e-05,0.3,0.3,2,smoke
blocks.0.mlp.fc1.weight,"[256, 64]",9.292572975158691,0.12802110612392426,0.007389619015157223,0.000795217754534882,8.999999999999999e-05,0.3,0.3,2,smoke
blocks.0.mlp.fc1.bias,[256],1.181013822555542,0.017019934952259064,0.0010232197819277644,0.0008663910297964725,8.999999999999999e-05,0.3,0.3,2,smoke
blocks.0.mlp.fc2.weight,"[64, 256]",4.587664604187012,0.24233709275722504,0.007566005457192659,0.0016492063195481669,8.999999999999999e-05,0.3,0.3,2,smoke
blocks.0.mlp.fc2.bias,[64],0.27708902955055237,0.045488785952329636,0.0005339233903214335,0.0019269019462353854,8.999999999999999e-05,0.3,0.3,2,smoke
blocks.1.ln1.weight,[64],7.999971389770508,0.010374674573540688,0.00044240590068511665,5.5300935357196044e-05,8.999999999999999e-05,0.3,0.3,2,smoke
blocks.1.ln1.bias,[64],0.0005775754107162356,0.012532096356153488,0.0005249888636171818,0.9089529330311297,8.999999999999999e-05,0.3,0.3,2,smoke
blocks.1.attn.qkv.weight,"[192, 64]",8.01546573638916,0.1339622139930725,0.006184195633977652,0.0007715329136649187,8.999999999999999e-05,0.3,0.3,2,smoke
blocks.1.attn.proj.weight,"[64, 64]",4.57528829574585,0.14809618890285492,0.003600804368034005,0.0007870114701585188,8.999999999999999e-05,0.3,0.3,2,smoke
blocks.1.ln2.weight,[64],8.000102996826172,0.008704015053808689,0.0004002378263976425,5.002908419509426e-05,8.999999999999999e-05,0.3,0.3,2,smoke
blocks.1.ln2.bias,[64],0.0005488746101036668,0.008221636526286602,0.0004809332313016057,0.8762169399870239,8.999999999999999e-05,0.3,0.3,2,smoke
blocks.1.mlp.fc1.weight,"[256, 64]",9.241909980773926,0.12275730818510056,0.007263381499797106,0.0007859177934980129,8.999999999999999e-05,0.3,0.3,2,smoke
blocks.1.mlp.fc1.bias,[256],1.1367136240005493,0.014986653812229633,0.0009930406231433153,0.0008736066870109366,8.999999999999999e-05,0.3,0.3,2,smoke
blocks.1.mlp.fc2.weight,"[64, 256]",4.6344523429870605,0.23771287500858307,0.007361763622611761,0.0015884862067363189,8.999999999999999e-05,0.3,0.3,2,smoke
blocks.1.mlp.fc2.bias,[64],0.2890850305557251,0.041648756712675095,0.0005331524880602956,0.001844275668772559,8.999999999999999e-05,0.3,0.3,2,smoke
ln_f.weight,[64],7.999876022338867,0.06453858315944672,0.00048684669309295714,6.085677974677178e-05,8.999999999999999e-05,0.3,0.3,2,smoke
ln_f.bias,[64],0.0005958870751783252,0.06390992552042007,0.0005487654125317931,0.9209218246050556,8.999999999999999e-05,0.3,0.3,2,smoke
lm_head.weight,"[33, 64]",3.3513455390930176,0.8586282730102539,0.002786871511489153,0.0008315679415866412,8.999999999999999e-05,0.3,0.3,2,smoke
token_emb.weight,"[33, 64]",46.13386535644531,0.047027796506881714,0.0018726105336099863,4.0590800687121825e-05,0.00011999999999999999,0.4,0.4,3,smoke
pos_emb.weight,"[32, 64]",44.932029724121094,0.044217828661203384,0.0010253411019220948,2.2819826039856277e-05,0.00011999999999999999,0.4,0.4,3,smoke
blocks.0.ln1.weight,[64],7.999802112579346,0.010544751770794392,0.000530203920789063,6.627712952490912e-05,0.00011999999999999999,0.4,0.4,3,smoke
blocks.0.ln1.bias,[64],0.0010003315983340144,0.013621247373521328,0.0005501022678799927,0.5499199153522206,0.00011999999999999999,0.4,0.4,3,smoke
blocks.0.attn.qkv.weight,"[192, 64]",7.996981620788574,0.17457450926303864,0.0069364928640425205,0.0008673888715725872,0.00011999999999999999,0.4,0.4,3,smoke
blocks.0.attn.proj.weight,"[64, 64]",4.644313812255859,0.16704915463924408,0.004055974073708057,0.0008733204166791583,0.00011999999999999999,0.4,0.4,3,smoke
blocks.0.ln2.weight,[64],7.999981880187988,0.009327571839094162,0.00047583438572473824,5.94794329351102e-05,0.00011999999999999999,0.4,0.4,3,smoke
blocks.0.ln2.bias,[64],0.0010833479464054108,0.008227843791246414,0.0005980292335152626,0.5520195385974987,0.00011999999999999999,0.4,0.4,3,smoke
blocks.0.mlp.fc1.weight,"[256, 64]",9.292591094970703,0.12063951790332794,0.008549941703677177,0.0009200815592009144,0.00011999999999999999,0.4,0.4,3,smoke
blocks.0.mlp.fc1.bias,[256],1.1809478998184204,0.015117757022380829,0.0011499589309096336,0.0009737592412725815,0.00011999999999999999,0.4,0.4,3,smoke
blocks.0.mlp.fc2.weight,"[64, 256]",4.587683200836182,0.2448209822177887,0.008615231141448021,0.0018779045466517286,0.00011999999999999999,0.4,0.4,3,smoke
blocks.0.mlp.fc2.bias,[64],0.277019202709198,0.045369669795036316,0.0006089117960073054,0.002198085150965195,0.00011999999999999999,0.4,0.4,3,smoke
blocks.1.ln1.weight,[64],7.999921798706055,0.012882249429821968,0.0004784786724485457,5.9810418712585056e-05,0.00011999999999999999,0.4,0.4,3,smoke
blocks.1.ln1.bias,[64],0.0010630940087139606,0.015696175396442413,0.0006142056663520634,0.5777529186671614,0.00011999999999999999,0.4,0.4,3,smoke
blocks.1.attn.qkv.weight,"[192, 64]",8.015473365783691,0.1752210557460785,0.007261414546519518,0.0009059246054658373,0.00011999999999999999,0.4,0.4,3,smoke
blocks.1.attn.proj.weight,"[64, 64]",4.575314044952393,0.13954830169677734,0.004088985733687878,0.0008937060261904764,0.00011999999999999999,0.4,0.4,3,smoke
blocks.1.ln2.weight,[64],8.000174522399902,0.007561052218079567,0.00044947711285203695,5.6183413448485904e-05,0.00011999999999999999,0.4,0.4,3,smoke
blocks.1.ln2.bias,[64],0.0009815678931772709,0.0077391392551362514,0.0005573304370045662,0.5677961156619784,0.00011999999999999999,0.4,0.4,3,smoke
blocks.1.mlp.fc1.weight,"[256, 64]",9.2420072555542,0.11220137029886246,0.008310787379741669,0.0008992405166904741,0.00011999999999999999,0.4,0.4,3,smoke
blocks.1.mlp.fc1.bias,[256],1.1366342306137085,0.013543879613280296,0.001134130754508078,0.0009977974655010356,0.00011999999999999999,0.4,0.4,3,smoke
blocks.1.mlp.fc2.weight,"[64, 256]",4.634537220001221,0.2154528945684433,0.008458136580884457,0.001825022905066286,0.00011999999999999999,0.4,0.4,3,smoke
blocks.1.mlp.fc2.bias,[64],0.28913700580596924,0.04200289025902748,0.0005962458672001958,0.002062156884893239,0.00011999999999999999,0.4,0.4,3,smoke
ln_f.weight,[64],7.999769687652588,0.06155620142817497,0.0005659825983457267,7.074986161405427e-05,0.00011999999999999999,0.4,0.4,3,smoke
ln_f.bias,[64],0.0011147625045850873,0.06151269003748894,0.0006120885955169797,0.5490753348802291,0.00011999999999999999,0.4,0.4,3,smoke
lm_head.weight,"[33, 64]",3.3510992527008057,0.8608055710792542,0.0034619749058037996,0.0010330863530865683,0.00011999999999999999,0.4,0.4,3,smoke
token_emb.weight,"[33, 64]",46.13386917114258,0.0456196591258049,0.0023491019383072853,5.0919248277070233e-05,0.00015,0.5,0.5,4,smoke
pos_emb.weight,"[32, 64]",44.93204116821289,0.04427414759993553,0.001370088430121541,3.0492459156091226e-05,0.00015,0.5,0.5,4,smoke
blocks.0.ln1.weight,[64],7.9997758865356445,0.009834615513682365,0.0006308884476311505,7.886326524384183e-05,0.00015,0.5,0.5,4,smoke
blocks.0.ln1.bias,[64],0.0014853778993710876,0.009874084033071995,0.0006296702777035534,0.4239125127485452,0.00015,0.5,0.5,4,smoke
blocks.0.attn.qkv.weight,"[192, 64]",7.996997356414795,0.1599283218383789,0.008149595931172371,0.0010190819838942636,0.00015,0.5,0.5,4,smoke
blocks.0.attn.proj.weight,"[64, 64]",4.644245147705078,0.15433236956596375,0.004863027948886156,0.001047108366208702,0.00015,0.5,0.5,4,smoke
blocks.0.ln2.weight,[64],7.999913215637207,0.009750396944582462,0.0005902469856664538,7.378167359524782e-05,0.00015,0.5,0.5,4,smoke
blocks.0.ln2.bias,[64],0.0016367787029594183,0.008920995518565178,0.000649991212412715,0.3971161228072446,0.00015,0.5,0.5,4,smoke
blocks.0.mlp.fc1.weight,"[256, 64]",9.292557716369629,0.12746639549732208,0.01021471619606018,0.0010992362391321058,0.00015,0.5,0.5,4,smoke
blocks.0.mlp.fc1.bias,[256],1.1808487176895142,0.015426273457705975,0.001311329542659223,0.0011104974947383707,0.00015,0.5,0.5,4,smoke
blocks.0.mlp.fc2.weight,"[64, 256]",4.58769416809082,0.24288082122802734,0.010176233947277069,0.002218158746948891,0.00015,0.5,0.5,4,smoke
blocks.0.mlp.fc2.bias,[64],0.27691951394081116,0.041378915309906006,0.0006907841889187694,0.0024945305554249157,0.00015,0.5,0.5,4,smoke
blocks.1.ln1.weight,[64],7.999900817871094,0.009610285051167011,0.0005620644078589976,7.025892203605747e-05,0.00015,0.5,0.5,4,smoke
blocks.1.ln1.bias,[64],0.0016094997990876436,0.010846246033906937,0.0006933131953701377,0.43076314502378144,0.00015,0.5,0.5,4,smoke
blocks.1.attn.qkv.weight,"[192, 64]",8.015555381774902,0.16263334453105927,0.008829398080706596,0.0011015329144605677,0.00015,0.5,0.5,4,smoke
blocks.1.attn.proj.weight,"[64, 64]",4.575332164764404,0.13250409066677094,0.004833092447370291,0.001056336955072017,0.00015,0.5,0.5,4,smoke
blocks.1.ln2.weight,[64],8.000266075134277,0.008987024426460266,0.0005786385736428201,7.232741613948236e-05,0.00015,0.5,0.5,4,smoke
blocks.1.ln2.bias,[64],0.0014706231886520982,0.009248248301446438,0.0006946253124624491,0.47233398590641623,0.00015,0.5,0.5,4,smoke
blocks.1.mlp.fc1.weight,"[256, 64]",9.242117881774902,0.11638755351305008,0.009923174977302551,0.001073690587399958,0.00015,0.5,0.5,4,smoke
blocks.1.mlp.fc1.bias,[256],1.1365039348602295,0.014608844183385372,0.0013195270439609885,0.0011610404535231703,0.00015,0.5,0.5,4,smoke
blocks.1.mlp.fc2.weight,"[64, 256]",4.634627342224121,0.2159304916858673,0.010079160332679749,0.0021747509753055655,0.00015,0.5,0.5,4,smoke
blocks.1.mlp.fc2.bias,[64],0.28928735852241516,0.03872860223054886,0.0006614337326027453,0.002286424598645207,0.00015,0.5,0.5,4,smoke
ln_f.weight,[64],7.9996490478515625,0.06062837317585945,0.0006652298616245389,8.315738073574582e-05,0.00015,0.5,0.5,4,smoke
ln_f.bias,[64],0.0016699738334864378,0.058109477162361145,0.0006722144898958504,0.4025299537133793,0.00015,0.5,0.5,4,smoke
lm_head.weight,"[33, 64]",3.3508055210113525,0.8693007230758667,0.00422336021438241,0.0012604014729890082,0.00015,0.5,0.5,4,smoke
token_emb.weight,"[33, 64]",46.133872985839844,0.04351373389363289,0.002634434262290597,5.7104120937325164e-05,0.00017999999999999998,0.6,0.6,5,smoke
pos_emb.weight,"[32, 64]",44.932064056396484,0.04575643315911293,0.001605663332156837,3.573535660728803e-05,0.00017999999999999998,0.6,0.6,5,smoke
blocks.0.ln1.weight,[64],7.99971342086792,0.011999794282019138,0.0007681553834117949,9.602286269505574e-05,0.00017999999999999998,0.6,0.6,5,smoke
blocks.0.ln1.bias,[64],0.0020675468258559704,0.016407370567321777,0.0008207891369238496,0.3969869638062686,0.00017999999999999998,0.6,0.6,5,smoke
blocks.0.attn.qkv.weight,"[192, 64]",7.996984958648682,0.18505670130252838,0.009602812118828297,0.0012008040740958158,0.00017999999999999998,0.6,0.6,5,smoke
blocks.0.attn.proj.weight,"[64, 64]",4.644129276275635,0.19228021800518036,0.0058486550115048885,0.001259365246652915,0.00017999999999999998,0.6,0.6,5,smoke
blocks.0.ln2.weight,[64],7.999795436859131,0.009133060462772846,0.000727602222468704,9.095260350236834e-05,0.00017999999999999998,0.6,0.6,5,smoke
blocks.0.ln2.bias,[64],0.002196309855207801,0.009403280913829803,0.0008127891342155635,0.3700703397056253,0.00017999999999999998,0.6,0.6,5,smoke
blocks.0.mlp.fc1.weight,"[256, 64]",9.292497634887695,0.12841998040676117,0.012228593230247498,0.0013159640939091062,0.00017999999999999998,0.6,0.6,5,smoke
blocks.0.mlp.fc1.bias,[256],1.1807318925857544,0.019045470282435417,0.0016543952515348792,0.0014011608070582573,0.00017999999999999998,0.6,0.6,5,smoke
blocks.0.mlp.fc2.weight,"[64, 256]",4.587706565856934,0.257331520318985,0.012330527417361736,0.002687732364822363,0.00017999999999999998,0.6,0.6,5,smoke
blocks.0.mlp.fc2.bias,[64],0.2768236994743347,0.05485638603568077,0.000892562500666827,0.0032242994453210807,0.00017999999999999998,0.6,0.6,5,smoke
blocks.1.ln1.weight,[64],7.999894142150879,0.014473693445324898,0.0007198437815532088,8.998166335231896e-05,0.00017999999999999998,0.6,0.6,5,smoke
blocks.1.ln1.bias,[64],0.0022505391389131546,0.022545738145709038,0.00091833173064515,0.4080496600866212,0.00017999999999999998,0.6,0.6,5,smoke
blocks.1.attn.qkv.weight,"[192, 64]",8.015701293945312,0.20275679230690002,0.01044133584946394,0.001302610397589396,0.00017999999999999998,0.6,0.6,5,smoke
blocks.1.attn.proj.weight,"[64, 64]",4.5753278732299805,0.16756156086921692,0.005878773983567953,0.0012848858369176933,0.00017999999999999998,0.6,0.6,5,smoke
blocks.1.ln2.weight,[64],8.00036334991455,0.007093492895364761,0.0006588756223209202,8.235571229748677e-05,0.00017999999999999998,0.6,0.6,5,smoke
blocks.1.ln2.bias,[64],0.0020706241484731436,0.008428440429270267,0.0008728011162020266,0.4215159553923009,0.00017999999999999998,0.6,0.6,5,smoke
blocks.1.mlp.fc1.weight,"[256, 64]",9.242268562316895,0.11701046675443649,0.011924969032406807,0.001290264284358493,0.00017999999999999998,0.6,0.6,5,smoke
blocks.1.mlp.fc1.bias,[256],1.1363513469696045,0.016133151948451996,0.0016496042953804135,0.0014516674792347808,0.00017999999999999998,0.6,0.6,5,smoke
blocks.1.mlp.fc2.weight,"[64, 256]",4.63472318649292,0.22018314898014069,0.012181930243968964,0.002628405139593027,0.00017999999999999998,0.6,0.6,5,smoke
blocks.1.mlp.fc2.bias,[64],0.28944334387779236,0.05214790627360344,0.0008604020695202053,0.002972609623676407,0.00017999999999999998,0.6,0.6,5,smoke
ln_f.weight,[64],7.999459266662598,0.07139038294553757,0.0008255556458607316,0.00010320143128938718,0.00017999999999999998,0.6,0.6,5,smoke
ln_f.bias,[64],0.002262525726109743,0.07665497064590454,0.0008625806658528745,0.3812467880027258,0.00017999999999999998,0.6,0.6,5,smoke
lm_head.weight,"[33, 64]",3.3504459857940674,0.8318509459495544,0.005050525069236755,0.0015074187408634684,0.00017999999999999998,0.6,0.6,5,smoke
token_emb.weight,"[33, 64]",46.13383483886719,0.04477502033114433,0.0032726030331104994,7.093715587574288e-05,0.00020999999999999998,0.7,0.7,6,smoke
pos_emb.weight,"[32, 64]",44.93209457397461,0.04443376138806343,0.0018160066101700068,4.0416691618508856e-05,0.00020999999999999998,0.7,0.7,6,smoke
blocks.0.ln1.weight,[64],7.999725341796875,0.011459780856966972,0.0008797275368124247,0.00010996971761218277,0.00020999999999999998,0.7,0.7,6,smoke
blocks.0.ln1.bias,[64],0.002820595633238554,0.011158626526594162,0.0009208341944031417,0.32646799262957715,0.00020999999999999998,0.7,0.7,6,smoke
blocks.0.attn.qkv.weight,"[192, 64]",7.997052192687988,0.1498243659734726,0.01054785493761301,0.0013189678750949404,0.00020999999999999998,0.7,0.7,6,smoke
blocks.0.attn.proj.weight,"[64, 64]",4.644053936004639,0.1540394127368927,0.006600556895136833,0.0014212920405518392,0.00020999999999999998,0.7,0.7,6,smoke
blocks.0.ln2.weight,[64],7.99969482421875,0.010696055367588997,0.0008397485944442451,0.00010497257869161965,0.00020999999999999998,0.7,0.7,6,smoke
blocks.0.ln2.bias,[64],0.0029252306558191776,0.008346499875187874,0.0009384333388879895,0.3208066129832049,0.00020999999999999998,0.7,0.7,6,smoke
blocks.0.mlp.fc1.weight,"[256, 64]",9.292457580566406,0.12084990739822388,0.01396128349006176,0.0015024317699614156,0.00020999999999999998,0.7,0.7,6,smoke
blocks.0.mlp.fc1.bias,[256],1.1805939674377441,0.014901618473231792,0.0019050922710448503,0.0016136727135574755,0.00020999999999999998,0.7,0.7,6,smoke
blocks.0.mlp.fc2.weight,"[64, 256]",4.587747097015381,0.24521802365779877,0.014037626795470715,0.0030598083326352226,0.00020999999999999998,0.7,0.7,6,smoke
blocks.0.mlp.fc2.bias,[64],0.27671122550964355,0.040338363498449326,0.001018408453091979,0.0036804016577798248,0.00020999999999999998,0.7,0.7,6,smoke
blocks.1.ln1.weight,[64],7.999929428100586,0.012824403122067451,0.0008205855847336352,0.00010257410294786387,0.00020999999999999998,0.7,0.7,6,smoke
blocks.1.ln1.bias,[64],0.0031032459810376167,0.016055293381214142,0.0010782855097204447,0.3474702025908703,0.00020999999999999998,0.7,0.7,6,smoke
blocks.1.attn.qkv.weight,"[192, 64]",8.015877723693848,0.16035811603069305,0.011713533662259579,0.001461291460027635,0.00020999999999999998,0.7,0.7,6,smoke
blocks.1.attn.proj.weight,"[64, 64]",4.5753889083862305,0.14264999330043793,0.006524236407130957,0.0014259413872278013,0.00020999999999999998,0.7,0.7,6,smoke
blocks.1.ln2.weight,[64],8.00048828125,0.010450677946209908,0.0008004146511666477,0.00010004572508936799,0.00020999999999999998,0.7,0.7,6,smoke
blocks.1.ln2.bias,[64],0.002851255238056183,0.007062918972223997,0.0009881032165139914,0.346550250333822,0.00020999999999999998,0.7,0.7,6,smoke
blocks.1.mlp.fc1.weight,"[256, 64]",9.242439270019531,0.11732222884893417,0.013483780436217785,0.0014588984620062632,0.00020999999999999998,0.7,0.7,6,smoke
blocks.1.mlp.fc1.bias,[256],1.1361591815948486,0.012475366704165936,0.001896524685434997,0.001669242053541132,0.00020999999999999998,0.7,0.7,6,smoke
blocks.1.mlp.fc2.weight,"[64, 256]",4.6348557472229,0.2202669084072113,0.013841385953128338,0.002986368229781861,0.00020999999999999998,0.7,0.7,6,smoke
blocks.1.mlp.fc2.bias,[64],0.28963494300842285,0.03809010982513428,0.0009860206628218293,0.0034043567139381897,0.00020999999999999998,0.7,0.7,6,smoke
ln_f.weight,[64],7.9992241859436035,0.06252444535493851,0.000943097285926342,0.00011789859416411549,0.00020999999999999998,0.7,0.7,6,smoke
ln_f.bias,[64],0.0030582931358367205,0.054241083562374115,0.000978957861661911,0.32009942087977034,0.00020999999999999998,0.7,0.7,6,smoke
lm_head.weight,"[33, 64]",3.3500258922576904,0.8691570162773132,0.005739255808293819,0.001713197447684785,0.00020999999999999998,0.7,0.7,6,smoke
token_emb.weight,"[33, 64]",46.133766174316406,0.04176458716392517,0.003478897735476494,7.540892547838998e-05,0.00023999999999999998,0.8,0.8,7,smoke
pos_emb.weight,"[32, 64]",44.93213653564453,0.04889015480875969,0.001942869508638978,4.324008735034679e-05,0.00023999999999999998,0.8,0.8,7,smoke
blocks.0.ln1.weight,[64],7.9997639656066895,0.01019314955919981,0.0009443390881642699,0.00011804586888116427,0.00023999999999999998,0.8,0.8,7,smoke
blocks.0.ln1.bias,[64],0.0036613347474485636,0.011928719468414783,0.0011053208727389574,0.3018901436174911,0.00023999999999999998,0.8,0.8,7,smoke
blocks.0.attn.qkv.weight,"[192, 64]",7.997159481048584,0.15779998898506165,0.01143766101449728,0.001430215446072057,0.00023999999999999998,0.8,0.8,7,smoke
blocks.0.attn.proj.weight,"[64, 64]",4.644016742706299,0.17926143109798431,0.007447310257703066,0.0016036355315470177,0.00023999999999999998,0.8,0.8,7,smoke
blocks.0.ln2.weight,[64],7.9996795654296875,0.01023225300014019,0.0009011120419017971,0.00011264351709734958,0.00023999999999999998,0.8,0.8,7,smoke
blocks.0.ln2.bias,[64],0.0037630025763064623,0.009089219383895397,0.001086822128854692,0.28881780089596737,0.00023999999999999998,0.8,0.8,7,smoke
blocks.0.mlp.fc1.weight,"[256, 64]",9.29252815246582,0.12087424844503403,0.014756407588720322,0.001587986320472393,0.00023999999999999998,0.8,0.8,7,smoke
blocks.0.mlp.fc1.bias,[256],1.180435061454773,0.016036447137594223,0.0021949654910713434,0.0018594546728951434,0.00023999999999999998,0.8,0.8,7,smoke
blocks.0.mlp.fc2.weight,"[64, 256]",4.587887763977051,0.24060530960559845,0.01499173603951931,0.0032676771557557877,0.00023999999999999998,0.8,0.8,7,smoke
blocks.0.mlp.fc2.bias,[64],0.2766357958316803,0.04547834023833275,0.001197280827909708,0.0043280039891807655,0.00023999999999999998,0.8,0.8,7,smoke
blocks.1.ln1.weight,[64],8.000053405761719,0.013257486745715141,0.0009118336020037532,0.00011397843936229744,0.00023999999999999998,0.8,0.8,7,smoke
blocks.1.ln1.bias,[64],0.004106938373297453,0.01731603406369686,0.0012715328484773636,0.309606021055644,0.00023999999999999998,0.8,0.8,7,smoke
blocks.1.attn.qkv.weight,"[192, 64]",8.016158103942871,0.16471610963344574,0.012258576229214668,0.001529233339744771,0.00023999999999999998,0.8,0.8,7,smoke
blocks.1.attn.proj.weight,"[64, 64]",4.575508117675781,0.14775912463665009,0.007153715007007122,0.0015634799071542226,0.00023999999999999998,0.8,0.8,7,smoke
blocks.1.ln2.weight,[64],8.000643730163574,0.008748493157327175,0.0008541495190002024,0.00010676009928800307,0.00023999999999999998,0.8,0.8,7,smoke
blocks.1.ln2.bias,[64],0.003762774635106325,0.008562762290239334,0.0011046798899769783,0.2935811992752426,0.00023999999999999998,0.8,0.8,7,smoke
blocks.1.mlp.fc1.weight,"[256, 64]",9.242644309997559,0.11339621990919113,0.014292282052338123,0.001546341238824747,0.00023999999999999998,0.8,0.8,7,smoke
blocks.1.mlp.fc1.bias,[256],1.1359412670135498,0.014302970841526985,0.002149958861991763,0.0018926672746418657,0.00023999999999999998,0.8,0.8,7,smoke
blocks.1.mlp.fc2.weight,"[64, 256]",4.635018348693848,0.2077573537826538,0.014873534440994263,0.0032089483410967807,0.00023999999999999998,0.8,0.8,7,smoke
blocks.1.mlp.fc2.bias,[64],0.2898443043231964,0.04298222437500954,0.0011749458499252796,0.004053713778053523,0.00023999999999999998,0.8,0.8,7,smoke
ln_f.weight,[64],7.998873710632324,0.07007138431072235,0.0010040117194876075,0.000125519136294532,0.00023999999999999998,0.8,0.8,7,smoke
ln_f.bias,[64],0.0039524538442492485,0.06290215253829956,0.0011631902307271957,0.29429571515923386,0.00023999999999999998,0.8,0.8,7,smoke
lm_head.weight,"[33, 64]",3.3495490550994873,0.8643141388893127,0.006346663925796747,0.0018947816023575867,0.00023999999999999998,0.8,0.8,7,smoke
token_emb.weight,"[33, 64]",46.13365936279297,0.04846116900444031,0.0038004559464752674,8.23792432459922e-05,0.00027,0.9,0.9,8,smoke
pos_emb.weight,"[32, 64]",44.93218231201172,0.045787263661623,0.002037266967818141,4.534093077587995e-05,0.00027,0.9,0.9,8,smoke
blocks.0.ln1.weight,[64],7.999869346618652,0.011171257123351097,0.0010675647063180804,0.0001334477677150207,0.00027,0.9,0.9,8,smoke
blocks.0.ln1.bias,[64],0.004691136069595814,0.012520957738161087,0.00116543541662395,0.24843351361674815,0.00027,0.9,0.9,8,smoke
blocks.0.attn.qkv.weight,"[192, 64]",7.997292995452881,0.18000982701778412,0.013149378821253777,0.0016442287194842406,0.00027,0.9,0.9,8,smoke
blocks.0.attn.proj.weight,"[64, 64]",4.644063472747803,0.1918976753950119,0.008159562014043331,0.0017569876169705914,0.00027,0.9,0.9,8,smoke
blocks.0.ln2.weight,[64],7.999735355377197,0.009869235567748547,0.0009449375211261213,0.0001181210976549319,0.00027,0.9,0.9,8,smoke
blocks.0.ln2.bias,[64],0.0047560459934175014,0.010336549021303654,0.0011858775978907943,0.24934107019403964,0.00027,0.9,0.9,8,smoke
blocks.0.mlp.fc1.weight,"[256, 64]",9.29262638092041,0.13141636550426483,0.015981275588274002,0.0017197802788118874,0.00027,0.9,0.9,8,smoke
blocks.0.mlp.fc1.bias,[256],1.1802632808685303,0.016603345051407814,0.0023863783571869135,0.0020219034141525007,0.00027,0.9,0.9,8,smoke
blocks.0.mlp.fc2.weight,"[64, 256]",4.588115215301514,0.2595261037349701,0.016397176310420036,0.0035738370858113848,0.00027,0.9,0.9,8,smoke
blocks.0.mlp.fc2.bias,[64],0.2765502333641052,0.04915932938456535,0.001321357092820108,0.004778000281346402,0.00027,0.9,0.9,8,smoke
blocks.1.ln1.weight,[64],8.000167846679688,0.015331171452999115,0.0009962779004126787,0.00012453212476362785,0.00027,0.9,0.9,8,smoke
blocks.1.ln1.bias,[64],0.005302744917571545,0.01824779063463211,0.0013901748461648822,0.262161365061763,0.00027,0.9,0.9,8,smoke
blocks.1.attn.qkv.weight,"[192, 64]",8.016467094421387,0.1955949068069458,0.013451207429170609,0.0016779470645530655,0.00027,0.9,0.9,8,smoke
blocks.1.attn.proj.weight,"[64, 64]",4.575652122497559,0.17633827030658722,0.008046281524002552,0.0017584994026186144,0.00027,0.9,0.9,8,smoke
blocks.1.ln2.weight,[64],8.00088119506836,0.008670520037412643,0.0008593930397182703,0.00010741229856631156,0.00027,0.9,0.9,8,smoke
blocks.1.ln2.bias,[64],0.004762451630085707,0.007847475819289684,0.0011939237592741847,0.25069519902981113,0.00027,0.9,0.9,8,smoke
blocks.1.mlp.fc1.weight,"[256, 64]",9.242952346801758,0.1310444325208664,0.015587303787469864,0.0016863988044754311,0.00027,0.9,0.9,8,smoke
blocks.1.mlp.fc1.bias,[256],1.1357020139694214,0.01623338647186756,0.0023399442434310913,0.0020603505273823473,0.00027,0.9,0.9,8,smoke
blocks.1.mlp.fc2.weight,"[64, 256]",4.635298252105713,0.23037581145763397,0.016134051606059074,0.0034806933078642206,0.00027,0.9,0.9,8,smoke
blocks.1.mlp.fc2.bias,[64],0.290073424577713,0.04536714404821396,0.001305338810198009,0.004500028956800551,0.00027,0.9,0.9,8,smoke
ln_f.weight,[64],7.998495578765869,0.07542116194963455,0.0011276638833805919,0.00014098449793162045,0.00027,0.9,0.9,8,smoke
ln_f.bias,[64],0.005023767240345478,0.06373965740203857,0.0013164908159524202,0.26205251019191067,0.00027,0.9,0.9,8,smoke
lm_head.weight,"[33, 64]",3.348998785018921,0.8283405900001526,0.0069229924120008945,0.0020671827183006224,0.00027,0.9,0.9,8,smoke
token_emb.weight,"[33, 64]",46.13349914550781,0.04683297500014305,0.0041356319561600685,8.964487916071656e-05,0.0003,1.0,1.0,9,smoke
pos_emb.weight,"[32, 64]",44.93223571777344,0.04910506308078766,0.0024438148830085993,5.438890017310938e-05,0.0003,1.0,1.0,9,smoke
blocks.0.ln1.weight,[64],8.000009536743164,0.012041231617331505,0.001138794352300465,0.00014234912434417832,0.0003,1.0,1.0,9,smoke
blocks.0.ln1.bias,[64],0.005800730548799038,0.01535839308053255,0.001139060826972127,0.1963650642603894,0.0003,1.0,1.0,9,smoke
blocks.0.attn.qkv.weight,"[192, 64]",7.997541427612305,0.17961788177490234,0.014037429355084896,0.0017552180857256057,0.0003,1.0,1.0,9,smoke
blocks.0.attn.proj.weight,"[64, 64]",4.644079685211182,0.1898544579744339,0.008489208295941353,0.0018279635302070232,0.0003,1.0,1.0,9,smoke
blocks.0.ln2.weight,[64],7.9997992515563965,0.009870761074125767,0.0010618448723107576,0.00013273393980532336,0.0003,1.0,1.0,9,smoke
blocks.0.ln2.bias,[64],0.005883876699954271,0.01212690956890583,0.0011570496717467904,0.1966475048254806,0.0003,1.0,1.0,9,smoke
blocks.0.mlp.fc1.weight,"[256, 64]",9.292756080627441,0.13337258994579315,0.01676063984632492,0.0018036242101808458,0.0003,1.0,1.0,9,smoke
blocks.0.mlp.fc1.bias,[256],1.1801363229751587,0.01987205445766449,0.0022744545713067055,0.0019272812191499522,0.0003,1.0,1.0,9,smoke
blocks.0.mlp.fc2.weight,"[64, 256]",4.588414669036865,0.2553308606147766,0.017132235690951347,0.003733802833157515,0.0003,1.0,1.0,9,smoke
blocks.0.mlp.fc2.bias,[64],0.2764238715171814,0.052796076983213425,0.001231627888046205,0.00445557715868129,0.0003,1.0,1.0,9,smoke
blocks.1.ln1.weight,[64],8.000272750854492,0.012024909257888794,0.0010248386533930898,0.0001281004642352511,0.0003,1.0,1.0,9,smoke
blocks.1.ln1.bias,[64],0.0066131423227488995,0.017297696322202682,0.0012723845429718494,0.1924024133874915,0.0003,1.0,1.0,9,smoke
blocks.1.attn.qkv.weight,"[192, 64]",8.016719818115234,0.1696077585220337,0.014435412362217903,0.0018006632001281205,0.0003,1.0,1.0,9,smoke
blocks.1.attn.proj.weight,"[64, 64]",4.5758376121521,0.1670738160610199,0.008466530591249466,0.0018502690237006691,0.0003,1.0,1.0,9,smoke
blocks.1.ln2.weight,[64],8.001180648803711,0.007931080646812916,0.0009334610076621175,0.00011666540834841457,0.0003,1.0,1.0,9,smoke
blocks.1.ln2.bias,[64],0.0058927880600094795,0.009525591507554054,0.0011855150805786252,0.20118067517546492,0.0003,1.0,1.0,9,smoke
blocks.1.mlp.fc1.weight,"[256, 64]",9.243274688720703,0.12236199527978897,0.0166902095079422,0.0018056597980701335,0.0003,1.0,1.0,9,smoke
blocks.1.mlp.fc1.bias,[256],1.1353719234466553,0.015713699162006378,0.002362225903198123,0.0020805745275320003,0.0003,1.0,1.0,9,smoke
blocks.1.mlp.fc2.weight,"[64, 256]",4.635666370391846,0.24030287563800812,0.01705474779009819,0.0036790283051919845,0.0003,1.0,1.0,9,smoke
blocks.1.mlp.fc2.bias,[64],0.29033905267715454,0.04737153649330139,0.001244313083589077,0.004285724128791946,0.0003,1.0,1.0,9,smoke
ln_f.weight,[64],7.9980902671813965,0.061407420784235,0.001163359498605132,0.0001454546597678137,0.0003,1.0,1.0,9,smoke
ln_f.bias,[64],0.00629656994715333,0.06523382663726807,0.0012744321720674634,0.20240101877112193,0.0003,1.0,1.0,9,smoke
lm_head.weight,"[33, 64]",3.3483829498291016,0.8365315198898315,0.007503507658839226,0.0022409347351449744,0.0003,1.0,1.0,9,smoke
token_emb.weight,"[33, 64]",46.133338928222656,0.04591747000813484,0.004084597807377577,8.853895907540245e-05,0.0003,1.0,1.0,10,smoke
pos_emb.weight,"[32, 64]",44.93228530883789,0.04587969183921814,0.0022464627400040627,4.9996627693499446e-05,0.0003,1.0,1.0,10,smoke
blocks.0.ln1.weight,[64],8.0001220703125,0.013280474580824375,0.00102912075817585,0.00012863813190986103,0.0003,1.0,1.0,10,smoke
blocks.0.ln1.bias,[64],0.0068261511623859406,0.01698858104646206,0.0011200355365872383,0.1640800957879393,0.0003,1.0,1.0,10,smoke
blocks.0.attn.qkv.weight,"[192, 64]",7.9978346824646,0.196372389793396,0.012923511676490307,0.0016158763202276918,0.0003,1.0,1.0,10,smoke
blocks.0.attn.proj.weight,"[64, 64]",4.644016265869141,0.1930231899023056,0.007824021391570568,0.0016847532273029798,0.0003,1.0,1.0,10,smoke
blocks.0.ln2.weight,[64],7.999797344207764,0.00931023433804512,0.0009660780197009444,0.00012076281162302582,0.0003,1.0,1.0,10,smoke
blocks.0.ln2.bias,[64],0.0069521828554570675,0.011050783097743988,0.0011079462710767984,0.15936667577825916,0.0003,1.0,1.0,10,smoke
blocks.0.mlp.fc1.weight,"[256, 64]",9.292854309082031,0.12502571940422058,0.01563800685107708,0.0016827990982053646,0.0003,1.0,1.0,10,smoke
blocks.0.mlp.fc1.bias,[256],1.1800225973129272,0.016995703801512718,0.002109052147716284,0.001787298101340503,0.0003,1.0,1.0,10,smoke
blocks.0.mlp.fc2.weight,"[64, 256]",4.588693141937256,0.2433173954486847,0.01598803512752056,0.003484224077091093,0.0003,1.0,1.0,10,smoke
blocks.0.mlp.fc2.bias,[64],0.2762468457221985,0.049154363572597504,0.0011224846821278334,0.004063339363000854,0.0003,1.0,1.0,10,smoke
blocks.1.ln1.weight,[64],8.000370025634766,0.010572625324130058,0.0009170754346996546,0.00011462912737300447,0.0003,1.0,1.0,10,smoke
blocks.1.ln1.bias,[64],0.00780121237039566,0.014404159039258957,0.001143770874477923,0.1466145029993477,0.0003,1.0,1.0,10,smoke
blocks.1.attn.qkv.weight,"[192, 64]",8.016881942749023,0.17876312136650085,0.013330386020243168,0.0016627893631762927,0.0003,1.0,1.0,10,smoke
blocks.1.attn.proj.weight,"[64, 64]",4.576030731201172,0.1747719645500183,0.007901252247393131,0.0017266606610657782,0.0003,1.0,1.0,10,smoke
blocks.1.ln2.weight,[64],8.001564025878906,0.009917309507727623,0.0008392661693505943,0.00010488776527141614,0.0003,1.0,1.0,10,smoke
blocks.1.ln2.bias,[64],0.0069822589866817,0.009114778600633144,0.0010406698565930128,0.14904486622138152,0.0003,1.0,1.0,10,smoke
blocks.1.mlp.fc1.weight,"[256, 64]",9.243654251098633,0.1211656779050827,0.015543344430625439,0.0016815151246897914,0.0003,1.0,1.0,10,smoke
blocks.1.mlp.fc1.bias,[256],1.1350295543670654,0.01595393568277359,0.002156830159947276,0.0019002414092644526,0.0003,1.0,1.0,10,smoke
blocks.1.mlp.fc2.weight,"[64, 256]",4.636195659637451,0.231459379196167,0.015813464298844337,0.003410870778495346,0.0003,1.0,1.0,10,smoke
blocks.1.mlp.fc2.bias,[64],0.2905574142932892,0.0453922413289547,0.0010995524935424328,0.0037842864764502018,0.0003,1.0,1.0,10,smoke
ln_f.weight,[64],7.99765157699585,0.060831185430288315,0.0010229232721030712,0.00012790295529319757,0.0003,1.0,1.0,10,smoke
ln_f.bias,[64],0.007499905303120613,0.0644417554140091,0.0011264493223279715,0.1501951393785293,0.0003,1.0,1.0,10,smoke
lm_head.weight,"[33, 64]",3.3477578163146973,0.8368557095527649,0.007145861629396677,0.0021345216773365747,0.0003,1.0,1.0,10,smoke
token_emb.weight,"[33, 64]",46.13318634033203,0.04595882445573807,0.004439840093255043,9.623961502467268e-05,0.0003,1.0,1.0,11,smoke
pos_emb.weight,"[32, 64]",44.932342529296875,0.04384833574295044,0.002209527650848031,4.917454836474129e-05,0.0003,1.0,1.0,11,smoke
blocks.0.ln1.weight,[64],8.000158309936523,0.011481629684567451,0.0009524479391984642,0.0001190536364781038,0.0003,1.0,1.0,11,smoke
blocks.0.ln1.bias,[64],0.007759450934827328,0.012856745161116123,0.0009479894652031362,0.12217223527352995,0.0003,1.0,1.0,11,smoke
blocks.0.attn.qkv.weight,"[192, 64]",7.998077392578125,0.1589580923318863,0.01219856459647417,0.001525187116568029,0.0003,1.0,1.0,11,smoke
blocks.0.attn.proj.weight,"[64, 64]",4.643898010253906,0.15981276333332062,0.007178307045251131,0.0015457503651891474,0.0003,1.0,1.0,11,smoke
blocks.0.ln2.weight,[64],7.999746322631836,0.010292984545230865,0.0008890776662155986,0.0001111382324337381,0.0003,1.0,1.0,11,smoke
blocks.0.ln2.bias,[64],0.007908258587121964,0.008609066717326641,0.0009507575305178761,0.12022337408972908,0.0003,1.0,1.0,11,smoke
blocks.0.mlp.fc1.weight,"[256, 64]",9.292926788330078,0.1266505867242813,0.01501819770783186,0.0016160891019491828,0.0003,1.0,1.0,11,smoke
blocks.0.mlp.fc1.bias,[256],1.1798954010009766,0.014769691973924637,0.0018988715019077063,0.0016093557956889898,0.0003,1.0,1.0,11,smoke
blocks.0.mlp.fc2.weight,"[64, 256]",4.588931083679199,0.2392568588256836,0.01505439542233944,0.003280588692186133,0.0003,1.0,1.0,11,smoke
blocks.0.mlp.fc2.bias,[64],0.27603575587272644,0.03935764357447624,0.0009720949456095695,0.0035216269085725964,0.0003,1.0,1.0,11,smoke
blocks.1.ln1.weight,[64],8.00045108795166,0.008464744314551353,0.0008762691868469119,0.00010952747254045914,0.0003,1.0,1.0,11,smoke
blocks.1.ln1.bias,[64],0.008859368972480297,0.014504368416965008,0.0009970851242542267,0.11254584015537165,0.0003,1.0,1.0,11,smoke
blocks.1.attn.qkv.weight,"[192, 64]",8.017107009887695,0.1538991630077362,0.012714034877717495,0.0015858631875609198,0.0003,1.0,1.0,11,smoke
blocks.1.attn.proj.weight,"[64, 64]",4.57621955871582,0.14209917187690735,0.007257598917931318,0.0015859376554843332,0.0003,1.0,1.0,11,smoke
blocks.1.ln2.weight,[64],8.00184440612793,0.008381146006286144,0.0008328839321620762,0.00010408649429926949,0.0003,1.0,1.0,11,smoke
blocks.1.ln2.bias,[64],0.007895157672464848,0.007589024491608143,0.000989624415524304,0.12534574438908525,0.0003,1.0,1.0,11,smoke
blocks.1.mlp.fc1.weight,"[256, 64]",9.243943214416504,0.11836296319961548,0.014952142722904682,0.0016175069855022353,0.0003,1.0,1.0,11,smoke
blocks.1.mlp.fc1.bias,[256],1.134742021560669,0.013630753383040428,0.002010426949709654,0.0017717039745691365,0.0003,1.0,1.0,11,smoke
blocks.1.mlp.fc2.weight,"[64, 256]",4.636689186096191,0.21703867614269257,0.014951392076909542,0.003224583636475685,0.0003,1.0,1.0,11,smoke
blocks.1.mlp.fc2.bias,[64],0.29081103205680847,0.03779463469982147,0.0009462155867367983,0.003253712832159544,0.0003,1.0,1.0,11,smoke
ln_f.weight,[64],7.997278690338135,0.06315118819475174,0.0009475014521740377,0.00011847798343188365,0.0003,1.0,1.0,11,smoke
ln_f.bias,[64],0.008506405167281628,0.057035937905311584,0.0009726484422571957,0.11434306538775213,0.0003,1.0,1.0,11,smoke
lm_head.weight,"[33, 64]",3.3472282886505127,0.8691202998161316,0.006871892139315605,0.0020530096983872336,0.0003,1.0,1.0,11,smoke
token_emb.weight,"[33, 64]",46.13307571411133,0.04715000465512276,0.0044427290558815,9.630246817735035e-05,0.0003,1.0,1.0,12,smoke
pos_emb.weight,"[32, 64]",44.93240737915039,0.047299958765506744,0.002056914148852229,4.577796447663033e-05,0.0003,1.0,1.0,12,smoke
blocks.0.ln1.weight,[64],8.000054359436035,0.009952138178050518,0.0009285095729865134,0.00011606290798403635,0.0003,1.0,1.0,12,smoke
blocks.0.ln1.bias,[64],0.008546138182282448,0.013390610925853252,0.000971546454820782,0.11368251180807698,0.0003,1.0,1.0,12,smoke
blocks.0.attn.qkv.weight,"[192, 64]",7.998167037963867,0.16088195145130157,0.011841950006783009,0.001480582982397636,0.0003,1.0,1.0,12,smoke
blocks.0.attn.proj.weight,"[64, 64]",4.643737316131592,0.1762123554944992,0.007026932667940855,0.0015132063227457824,0.0003,1.0,1.0,12,smoke
blocks.0.ln2.weight,[64],7.999678611755371,0.008641138672828674,0.0008248532540164888,0.0001031107990769008,0.0003,1.0,1.0,12,smoke
blocks.0.ln2.bias,[64],0.008728953078389168,0.009617002680897713,0.0009162644855678082,0.10496842832575916,0.0003,1.0,1.0,12,smoke
blocks.0.mlp.fc1.weight,"[256, 64]",9.292994499206543,0.12881511449813843,0.014677746221423149,0.0015794420434313578,0.0003,1.0,1.0,12,smoke
blocks.0.mlp.fc1.bias,[256],1.1797189712524414,0.015904512256383896,0.0018580971518531442,0.0015750337132245204,0.0003,1.0,1.0,12,smoke
blocks.0.mlp.fc2.weight,"[64, 256]",4.589147090911865,0.24369856715202332,0.014819609932601452,0.0032292732481705635,0.0003,1.0,1.0,12,smoke
blocks.0.mlp.fc2.bias,[64],0.27585864067077637,0.04724947363138199,0.0009650256251916289,0.003498261366202189,0.0003,1.0,1.0,12,smoke
blocks.1.ln1.weight,[64],8.000445365905762,0.012954040430486202,0.000869409239385277,0.0001086701051781819,0.0003,1.0,1.0,12,smoke
blocks.1.ln1.bias,[64],0.009756806306540966,0.01710299588739872,0.000987740233540535,0.1012360195034674,0.0003,1.0,1.0,12,smoke
blocks.1.attn.qkv.weight,"[192, 64]",8.017346382141113,0.17939355969429016,0.012332289479672909,0.0015382009073654924,0.0003,1.0,1.0,12,smoke
blocks.1.attn.proj.weight,"[64, 64]",4.576318740844727,0.16582325100898743,0.00708865886554122,0.0015489871372536322,0.0003,1.0,1.0,12,smoke
blocks.1.ln2.weight,[64],8.002084732055664,0.007809200789779425,0.000819006294477731,0.00010234911549947254,0.0003,1.0,1.0,12,smoke
blocks.1.ln2.bias,[64],0.00874997116625309,0.008973924443125725,0.0009718443034216762,0.11106828639274695,0.0003,1.0,1.0,12,smoke
blocks.1.mlp.fc1.weight,"[256, 64]",9.24422836303711,0.12551651895046234,0.014483698643743992,0.0015667828698019638,0.0003,1.0,1.0,12,smoke
blocks.1.mlp.fc1.bias,[256],1.134569525718689,0.015587398782372475,0.001970921643078327,0.0017371536943316488,0.0003,1.0,1.0,12,smoke
blocks.1.mlp.fc2.weight,"[64, 256]",4.637170314788818,0.24264077842235565,0.014678998850286007,0.0031655078105438327,0.0003,1.0,1.0,12,smoke
blocks.1.mlp.fc2.bias,[64],0.29106664657592773,0.04285672679543495,0.0009158498141914606,0.0031465295833974978,0.0003,1.0,1.0,12,smoke
ln_f.weight,[64],7.996877670288086,0.05495245382189751,0.0009039158467203379,0.0001130335968597822,0.0003,1.0,1.0,12,smoke
ln_f.bias,[64],0.009349031373858452,0.06027873978018761,0.0009533893899060786,0.10197734415267064,0.0003,1.0,1.0,12,smoke
lm_head.weight,"[33, 64]",3.3466837406158447,0.8461966514587402,0.006712174974381924,0.002005619740198927,0.0003,1.0,1.0,12,smoke
token_emb.weight,"[33, 64]",46.13300323486328,0.047804657369852066,0.004127395339310169,8.94673021458756e-05,0.0003,1.0,1.0,13,smoke
pos_emb.weight,"[32, 64]",44.93247604370117,0.04809048771858215,0.0020991049241274595,4.671687627643483e-05,0.0003,1.0,1.0,13,smoke
blocks.0.ln1.weight,[64],7.999914646148682,0.01117353979498148,0.0008980631828308105,0.00011225909557212039,0.0003,1.0,1.0,13,smoke
blocks.0.ln1.bias,[64],0.00932709313929081,0.010771187022328377,0.0009777600644156337,0.10483009548781864,0.0003,1.0,1.0,13,smoke
blocks.0.attn.qkv.weight,"[192, 64]",7.998197555541992,0.16248764097690582,0.011437579989433289,0.0014300196900623105,0.0003,1.0,1.0,13,smoke
blocks.0.attn.proj.weight,"[64, 64]",4.643585205078125,0.18253034353256226,0.0069074854254722595,0.0014875328265578894,0.0003,1.0,1.0,13,smoke
blocks.0.ln2.weight,[64],7.999555587768555,0.01247674971818924,0.0008427917491644621,0.00010535482126695935,0.0003,1.0,1.0,13,smoke
blocks.0.ln2.bias,[64],0.009481461718678474,0.009870607405900955,0.0009482894092798233,0.10001510710228294,0.0003,1.0,1.0,13,smoke
blocks.0.mlp.fc1.weight,"[256, 64]",9.293025970458984,0.14069058001041412,0.01435114536434412,0.0015442919679729804,0.0003,1.0,1.0,13,smoke
blocks.0.mlp.fc1.bias,[256],1.1795978546142578,0.015565941110253334,0.0018848258769139647,0.0015978546159108814,0.0003,1.0,1.0,13,smoke
blocks.0.mlp.fc2.weight,"[64, 256]",4.589356422424316,0.24912129342556,0.014507953077554703,0.0031612173346717122,0.0003,1.0,1.0,13,smoke
blocks.0.mlp.fc2.bias,[64],0.27569496631622314,0.04028245061635971,0.0010090599535033107,0.003660059401831498,0.0003,1.0,1.0,13,smoke
blocks.1.ln1.weight,[64],8.000371932983398,0.012639302760362625,0.0009017434786073864,0.00011271269462982572,0.0003,1.0,1.0,13,smoke
blocks.1.ln1.bias,[64],0.010587844997644424,0.013695172034204006,0.0010303263552486897,0.09731218727492855,0.0003,1.0,1.0,13,smoke
blocks.1.attn.qkv.weight,"[192, 64]",8.017477989196777,0.1695234775543213,0.01177886500954628,0.0014691484061967886,0.0003,1.0,1.0,13,smoke
blocks.1.attn.proj.weight,"[64, 64]",4.57633638381958,0.16155165433883667,0.006727713625878096,0.0014701090701428937,0.0003,1.0,1.0,13,smoke
blocks.1.ln2.weight,[64],8.002278327941895,0.010798701085150242,0.0008759634802117944,0.00010946426059103137,0.0003,1.0,1.0,13,smoke
blocks.1.ln2.bias,[64],0.009503953158855438,0.009112723171710968,0.0009540049359202385,0.10037980195970678,0.0003,1.0,1.0,13,smoke
blocks.1.mlp.fc1.weight,"[256, 64]",9.244475364685059,0.1278102546930313,0.01426450815051794,0.0015430305764035,0.0003,1.0,1.0,13,smoke
blocks.1.mlp.fc1.bias,[256],1.1344339847564697,0.01462098490446806,0.0020111058838665485,0.0017727835298395746,0.0003,1.0,1.0,13,smoke
blocks.1.mlp.fc2.weight,"[64, 256]",4.63764762878418,0.23279549181461334,0.01441731583327055,0.003108756202991265,0.0003,1.0,1.0,13,smoke
blocks.1.mlp.fc2.bias,[64],0.29128602147102356,0.03908546641469002,0.0009637030307203531,0.003308442423201623,0.0003,1.0,1.0,13,smoke
ln_f.weight,[64],7.996560096740723,0.06565457582473755,0.000903892912901938,0.00011303521788954617,0.0003,1.0,1.0,13,smoke
ln_f.bias,[64],0.010130041278898716,0.05468502268195152,0.000995293608866632,0.09825168342994502,0.0003,1.0,1.0,13,smoke
lm_head.weight,"[33, 64]",3.34619140625,0.8464704751968384,0.006734365597367287,0.0020125464385536557,0.0003,1.0,1.0,13,smoke
token_emb.weight,"[33, 64]",46.132911682128906,0.04801691696047783,0.003977957181632519,8.622818366726917e-05,0.0003,1.0,1.0,14,smoke
pos_emb.weight,"[32, 64]",44.93254089355469,0.04746878147125244,0.0022452620323747396,4.996962085215193e-05,0.0003,1.0,1.0,14,smoke
blocks.0.ln1.weight,[64],7.999841690063477,0.009857011027634144,0.0009276933851651847,0.00011596396792669828,0.0003,1.0,1.0,14,smoke
blocks.0.ln1.bias,[64],0.010189238935709,0.009225808084011078,0.0010341117158532143,0.10149057475029734,0.0003,1.0,1.0,14,smoke
blocks.0.attn.qkv.weight,"[192, 64]",7.998237609863281,0.15463559329509735,0.01191276591271162,0.0014894238573283961,0.0003,1.0,1.0,14,smoke
blocks.0.attn.proj.weight,"[64, 64]",4.643527507781982,0.17596951127052307,0.007351902779191732,0.0015832581516682835,0.0003,1.0,1.0,14,smoke
blocks.0.ln2.weight,[64],7.999552249908447,0.011770372278988361,0.0009442474110983312,0.00011803753280180624,0.0003,1.0,1.0,14,smoke
blocks.0.ln2.bias,[64],0.010278791189193726,0.009276081807911396,0.0010280924616381526,0.1000207556233854,0.0003,1.0,1.0,14,smoke
blocks.0.mlp.fc1.weight,"[256, 64]",9.293119430541992,0.13685566186904907,0.015169525519013405,0.0016323394563464348,0.0003,1.0,1.0,14,smoke
blocks.0.mlp.fc1.bias,[256],1.179455280303955,0.01377733051776886,0.0019980561919510365,0.0016940499782544713,0.0003,1.0,1.0,14,smoke
blocks.0.mlp.fc2.weight,"[64, 256]",4.589625358581543,0.2407642900943756,0.01523591484874487,0.0033196423800163155,0.0003,1.0,1.0,14,smoke
blocks.0.mlp.fc2.bias,[64],0.2755083739757538,0.03623787686228752,0.00106375094037503,0.0038610475791514267,0.0003,1.0,1.0,14,smoke
blocks.1.ln1.weight,[64],8.000269889831543,0.013669165782630444,0.0009822462452575564,0.00012277663863640467,0.0003,1.0,1.0,14,smoke
blocks.1.ln1.bias,[64],0.011514379642903805,0.013952799141407013,0.0010950498981401324,0.09510281336042281,0.0003,1.0,1.0,14,smoke
blocks.1.attn.qkv.weight,"[192, 64]",8.017619132995605,0.1692853420972824,0.01191695500165224,0.0014863458595344545,0.0003,1.0,1.0,14,smoke
blocks.1.attn.proj.weight,"[64, 64]",4.5763020515441895,0.1529671996831894,0.007007864769548178,0.001531337899163256,0.0003,1.0,1.0,14,smoke
blocks.1.ln2.weight,[64],8.002554893493652,0.009829550050199032,0.0009571225964464247,0.00011960212821840156,0.0003,1.0,1.0,14,smoke
blocks.1.ln2.bias,[64],0.010270249098539352,0.008615395054221153,0.0010006165830418468,0.09742865761495072,0.0003,1.0,1.0,14,smoke
blocks.1.mlp.fc1.weight,"[256, 64]",9.24482250213623,0.12410794943571091,0.015032900497317314,0.0016260886019005356,0.0003,1.0,1.0,14,smoke
blocks.1.mlp.fc1.bias,[256],1.134274959564209,0.013883247971534729,0.002116286661475897,0.0018657615983067976,0.0003,1.0,1.0,14,smoke
blocks.1.mlp.fc2.weight,"[64, 256]",4.6382246017456055,0.22551555931568146,0.015222923830151558,0.003282058360093726,0.0003,1.0,1.0,14,smoke
blocks.1.mlp.fc2.bias,[64],0.2914927303791046,0.033696986734867096,0.001026536338031292,0.003521653307429715,0.0003,1.0,1.0,14,smoke
ln_f.weight,[64],7.996252059936523,0.05831466242671013,0.0009535015560686588,0.00011924355922269765,0.0003,1.0,1.0,14,smoke
ln_f.bias,[64],0.011006193235516548,0.04778753221035004,0.0010480557102710009,0.09522417859146491,0.0003,1.0,1.0,14,smoke
lm_head.weight,"[33, 64]",3.345715045928955,0.8579480648040771,0.006865553092211485,0.0020520435834980766,0.0003,1.0,1.0,14,smoke
token_emb.weight,"[33, 64]",46.132816314697266,0.04773811623454094,0.00411744462326169,8.925196751861712e-05,0.0003,1.0,1.0,15,smoke
pos_emb.weight,"[32, 64]",44.93260192871094,0.04665381833910942,0.0022412349935621023,4.987992899049104e-05,0.0003,1.0,1.0,15,smoke
blocks.0.ln1.weight,[64],7.999789714813232,0.010436839424073696,0.0009315732168033719,0.00011644971305662888,0.0003,1.0,1.0,15,smoke
blocks.0.ln1.bias,[64],0.011126442812383175,0.015516934916377068,0.0011074321810156107,0.0995315573619894,0.0003,1.0,1.0,15,smoke
blocks.0.attn.qkv.weight,"[192, 64]",7.998260974884033,0.17449988424777985,0.012376528233289719,0.0015474024006161121,0.0003,1.0,1.0,15,smoke
blocks.0.attn.proj.weight,"[64, 64]",4.643511772155762,0.16857501864433289,0.007476989645510912,0.0016102015053231363,0.0003,1.0,1.0,15,smoke
blocks.0.ln2.weight,[64],7.999598503112793,0.009790647774934769,0.0009440898429602385,0.00011801715330999119,0.0003,1.0,1.0,15,smoke
blocks.0.ln2.bias,[64],0.011124907992780209,0.008479052223265171,0.0010304523166269064,0.09262569338062343,0.0003,1.0,1.0,15,smoke
blocks.0.mlp.fc1.weight,"[256, 64]",9.29324722290039,0.12621016800403595,0.015436961315572262,0.001661094442589728,0.0003,1.0,1.0,15,smoke
blocks.0.mlp.fc1.bias,[256],1.1792956590652466,0.014783060178160667,0.0020459641236811876,0.001734903463736053,0.0003,1.0,1.0,15,smoke
blocks.0.mlp.fc2.weight,"[64, 256]",4.589929103851318,0.25579407811164856,0.015704821795225143,0.003421582651907965,0.0003,1.0,1.0,15,smoke
blocks.0.mlp.fc2.bias,[64],0.27531108260154724,0.046258728951215744,0.0011203816393390298,0.004069511582141929,0.0003,1.0,1.0,15,smoke
blocks.1.ln1.weight,[64],8.000120162963867,0.012915331870317459,0.0009939136216416955,0.0001242373366143881,0.0003,1.0,1.0,15,smoke
blocks.1.ln1.bias,[64],0.012494768016040325,0.017800789326429367,0.0011621296871453524,0.09300930482690457,0.0003,1.0,1.0,15,smoke
blocks.1.attn.qkv.weight,"[192, 64]",8.01772689819336,0.19193154573440552,0.012809252366423607,0.0015976164477877048,0.0003,1.0,1.0,15,smoke
blocks.1.attn.proj.weight,"[64, 64]",4.576209545135498,0.1577610820531845,0.007135070860385895,0.0015591661155399804,0.0003,1.0,1.0,15,smoke
blocks.1.ln2.weight,[64],8.002876281738281,0.00887611135840416,0.0009738416410982609,0.00012168645457139763,0.0003,1.0,1.0,15,smoke
blocks.1.ln2.bias,[64],0.01102430373430252,0.010291568003594875,0.0010698707774281502,0.09704656214244248,0.0003,1.0,1.0,15,smoke
blocks.1.mlp.fc1.weight,"[256, 64]",9.245221138000488,0.1283309906721115,0.015352476388216019,0.0016605850913736368,0.0003,1.0,1.0,15,smoke
blocks.1.mlp.fc1.bias,[256],1.1341248750686646,0.015913017094135284,0.0021999806631356478,0.00193980461190612,0.0003,1.0,1.0,15,smoke
blocks.1.mlp.fc2.weight,"[64, 256]",4.638876914978027,0.24652639031410217,0.015749618411064148,0.0033951360856787787,0.0003,1.0,1.0,15,smoke
blocks.1.mlp.fc2.bias,[64],0.2916925549507141,0.04487039893865585,0.0010875420412048697,0.0037283846390547284,0.0003,1.0,1.0,15,smoke
ln_f.weight,[64],7.995970249176025,0.06461352109909058,0.0009556190925650299,0.00011951258731402924,0.0003,1.0,1.0,15,smoke
ln_f.bias,[64],0.011925889179110527,0.06321590393781662,0.0011071177432313561,0.09283314028865802,0.0003,1.0,1.0,15,smoke
lm_head.weight,"[33, 64]",3.3452706336975098,0.8380717039108276,0.006926864385604858,0.0020706439460620356,0.0003,1.0,1.0,15,smoke
token_emb.weight,"[33, 64]",46.13270950317383,0.044721707701683044,0.004006064031273127,8.683782232642369e-05,0.0003,1.0,1.0,16,smoke
pos_emb.weight,"[32, 64]",44.932655334472656,0.04466130957007408,0.0021500897128134966,4.785138329369848e-05,0.0003,1.0,1.0,16,smoke
blocks.0.ln1.weight,[64],7.999764442443848,0.009373421780765057,0.0009240146609954536,0.0001155052336407516,0.0003,1.0,1.0,16,smoke
blocks.0.ln1.bias,[64],0.012123171240091324,0.013160723261535168,0.0010867939563468099,0.08964601215503601,0.0003,1.0,1.0,16,smoke
blocks.0.attn.qkv.weight,"[192, 64]",7.998289585113525,0.1669628620147705,0.011921136640012264,0.0014904607432819099,0.0003,1.0,1.0,16,smoke
blocks.0.attn.proj.weight,"[64, 64]",4.643505096435547,0.1758144497871399,0.0076437280513346195,0.0016461116963567258,0.0003,1.0,1.0,16,smoke
blocks.0.ln2.weight,[64],7.999661445617676,0.00882292352616787,0.0009181770728901029,0.00011477699139294112,0.0003,1.0,1.0,16,smoke
blocks.0.ln2.bias,[64],0.01200435683131218,0.009768151678144932,0.001037004985846579,0.08638571815373348,0.0003,1.0,1.0,16,smoke
blocks.0.mlp.fc1.weight,"[256, 64]",9.293418884277344,0.12505114078521729,0.01527523435652256,0.0016436614497561586,0.0003,1.0,1.0,16,smoke
blocks.0.mlp.fc1.bias,[256],1.1791671514511108,0.015056166797876358,0.0020840230863541365,0.0017673686752463283,0.0003,1.0,1.0,16,smoke
blocks.0.mlp.fc2.weight,"[64, 256]",4.590306282043457,0.24039988219738007,0.015667522326111794,0.0034131758021029297,0.0003,1.0,1.0,16,smoke
blocks.0.mlp.fc2.bias,[64],0.2751474678516388,0.04036354273557663,0.001138482359237969,0.004137717014542346,0.0003,1.0,1.0,16,smoke
blocks.1.ln1.weight,[64],7.999967575073242,0.0103917820379138,0.0009626179817132652,0.00012032773541640913,0.0003,1.0,1.0,16,smoke
blocks.1.ln1.bias,[64],0.013514343649148941,0.013936431147158146,0.0011914471397176385,0.08816167256429573,0.0003,1.0,1.0,16,smoke
blocks.1.attn.qkv.weight,"[192, 64]",8.01788330078125,0.17525742948055267,0.012646304443478584,0.0015772622235904017,0.0003,1.0,1.0,16,smoke
blocks.1.attn.proj.weight,"[64, 64]",4.576096057891846,0.15789000689983368,0.007200114894658327,0.001573418652836439,0.0003,1.0,1.0,16,smoke
blocks.1.ln2.weight,[64],8.003218650817871,0.00999872200191021,0.0009323068079538643,0.00011649148281842697,0.0003,1.0,1.0,16,smoke
blocks.1.ln2.bias,[64],0.011867987923324108,0.007941607385873795,0.0010095913894474506,0.08506845439767467,0.0003,1.0,1.0,16,smoke
blocks.1.mlp.fc1.weight,"[256, 64]",9.24561882019043,0.12350355088710785,0.015195808373391628,0.001643568555974563,0.0003,1.0,1.0,16,smoke
blocks.1.mlp.fc1.bias,[256],1.1340004205703735,0.013392288237810135,0.0021917300764471292,0.001932741855020428,0.0003,1.0,1.0,16,smoke
blocks.1.mlp.fc2.weight,"[64, 256]",4.63955545425415,0.22115837037563324,0.01547957118600607,0.0033364341343980223,0.0003,1.0,1.0,16,smoke
blocks.1.mlp.fc2.bias,[64],0.29189354181289673,0.03709196299314499,0.0010911416029557586,0.0037381491765075725,0.0003,1.0,1.0,16,smoke
ln_f.weight,[64],7.9957709312438965,0.07234346121549606,0.0009444230818189681,0.00011811532495616966,0.0003,1.0,1.0,16,smoke
ln_f.bias,[64],0.012890644371509552,0.05499586462974548,0.0011197584681212902,0.0868659809276983,0.0003,1.0,1.0,16,smoke
lm_head.weight,"[33, 64]",3.3448784351348877,0.8552252650260925,0.0068290759809315205,0.0020416514720530124,0.0003,1.0,1.0,16,smoke
token_emb.weight,"[33, 64]",46.13261032104492,0.047732412815093994,0.004180964082479477,9.062925452046643e-05,0.0003,1.0,1.0,17,smoke
pos_emb.weight,"[32, 64]",44.93269729614258,0.04648813232779503,0.0021421806886792183,4.767531925716647e-05,0.0003,1.0,1.0,17,smoke
blocks.0.ln1.weight,[64],7.9998064041137695,0.00953866820782423,0.0009254359756596386,0.00011568229640954165,0.0003,1.0,1.0,17,smoke
blocks.0.ln1.bias,[64],0.013119984418153763,0.01334416400641203,0.0009920685552060604,0.07561507114546281,0.0003,1.0,1.0,17,smoke
blocks.0.attn.qkv.weight,"[192, 64]",7.998406887054443,0.16257572174072266,0.012183740735054016,0.0015232709347124621,0.0003,1.0,1.0,17,smoke
blocks.0.attn.proj.weight,"[64, 64]",4.643530368804932,0.17654365301132202,0.00743047846481204,0.0016001787163339612,0.0003,1.0,1.0,17,smoke
blocks.0.ln2.weight,[64],7.999773979187012,0.00994186382740736,0.0009378236718475819,0.00011723127106934708,0.0003,1.0,1.0,17,smoke
blocks.0.ln2.bias,[64],0.012889966368675232,0.008390571922063828,0.0009495644480921328,0.07366694535369253,0.0003,1.0,1.0,17,smoke
blocks.0.mlp.fc1.weight,"[256, 64]",9.293643951416016,0.13258270919322968,0.015413975343108177,0.001658550233222529,0.0003,1.0,1.0,17,smoke
blocks.0.mlp.fc1.bias,[256],1.1790542602539062,0.01648928038775921,0.0019523618975654244,0.0016558711192349947,0.0003,1.0,1.0,17,smoke
blocks.0.mlp.fc2.weight,"[64, 256]",4.590744972229004,0.24780155718326569,0.01564202830195427,0.0034072962877655546,0.0003,1.0,1.0,17,smoke
blocks.0.mlp.fc2.bias,[64],0.27496516704559326,0.04431924596428871,0.001059299218468368,0.0038524851342087293,0.0003,1.0,1.0,17,smoke
blocks.1.ln1.weight,[64],7.999875545501709,0.012962818145751953,0.0009751179604791105,0.00012189164130527187,0.0003,1.0,1.0,17,smoke
blocks.1.ln1.bias,[64],0.014601962640881538,0.014893407002091408,0.0011561618885025382,0.07917852667733845,0.0003,1.0,1.0,17,smoke
blocks.1.attn.qkv.weight,"[192, 64]",8.018074035644531,0.17770010232925415,0.012806037440896034,0.0015971463201719643,0.0003,1.0,1.0,17,smoke
blocks.1.attn.proj.weight,"[64, 64]",4.576085567474365,0.16952191293239594,0.007227262482047081,0.0015793547510161517,0.0003,1.0,1.0,17,smoke
blocks.1.ln2.weight,[64],8.003631591796875,0.008355355821549892,0.0009176331805065274,0.00011465210135946699,0.0003,1.0,1.0,17,smoke
blocks.1.ln2.bias,[64],0.012704992666840553,0.007798606529831886,0.0009864865569397807,0.07764558255231939,0.0003,1.0,1.0,17,smoke
blocks.1.mlp.fc1.weight,"[256, 64]",9.246114730834961,0.12885715067386627,0.015357459895312786,0.0016609635876674814,0.0003,1.0,1.0,17,smoke
blocks.1.mlp.fc1.bias,[256],1.1338484287261963,0.01486489363014698,0.002108030952513218,0.001859182320234329,0.0003,1.0,1.0,17,smoke
blocks.1.mlp.fc2.weight,"[64, 256]",4.640307903289795,0.24268196523189545,0.015663279220461845,0.0033754827366858997,0.0003,1.0,1.0,17,smoke
blocks.1.mlp.fc2.bias,[64],0.29212912917137146,0.04302803426980972,0.0010093250311911106,0.003455064662856716,0.0003,1.0,1.0,17,smoke
ln_f.weight,[64],7.9956231117248535,0.058664899319410324,0.0009423167794011533,0.00011785407669095002,0.0003,1.0,1.0,17,smoke
ln_f.bias,[64],0.01390543207526207,0.06102292239665985,0.0010295365937054157,0.07403844685538205,0.0003,1.0,1.0,17,smoke
lm_head.weight,"[33, 64]",3.344550132751465,0.8430486917495728,0.006676795892417431,0.0019963210678276256,0.0003,1.0,1.0,17,smoke
token_emb.weight,"[33, 64]",46.132572174072266,0.04506642371416092,0.004149884916841984,8.99556370102929e-05,0.0003,1.0,1.0,18,smoke
pos_emb.weight,"[32, 64]",44.9327278137207,0.04616007208824158,0.0020813546143472195,4.6321572617980585e-05,0.0003,1.0,1.0,18,smoke
blocks.0.ln1.weight,[64],7.999814987182617,0.012832827866077423,0.0009310333989560604,0.00011638186638663161,0.0003,1.0,1.0,18,smoke
blocks.0.ln1.bias,[64],0.0139998784288764,0.016323618590831757,0.0009490670636296272,0.06779109321921428,0.0003,1.0,1.0,18,smoke
blocks.0.attn.qkv.weight,"[192, 64]",7.998506546020508,0.17431464791297913,0.012117596343159676,0.0015149823624497172,0.0003,1.0,1.0,18,smoke
blocks.0.attn.proj.weight,"[64, 64]",4.643548488616943,0.18328991532325745,0.007184375077486038,0.0015471734806038102,0.0003,1.0,1.0,18,smoke
blocks.0.ln2.weight,[64],7.999833106994629,0.01083694864064455,0.0009174617589451373,0.00011468511238602684,0.0003,1.0,1.0,18,smoke
blocks.0.ln2.bias,[64],0.013655412942171097,0.010205795988440514,0.0009377087699249387,0.06866938216339658,0.0003,1.0,1.0,18,smoke
blocks.0.mlp.fc1.weight,"[256, 64]",9.293840408325195,0.12496788054704666,0.015048072673380375,0.0016191447251343674,0.0003,1.0,1.0,18,smoke
blocks.0.mlp.fc1.bias,[256],1.1789482831954956,0.015382529236376286,0.0019025260116904974,0.0016137484899115093,0.0003,1.0,1.0,18,smoke
blocks.0.mlp.fc2.weight,"[64, 256]",4.591165065765381,0.24296127259731293,0.0153306033462286,0.003339153161915967,0.0003,1.0,1.0,18,smoke
blocks.0.mlp.fc2.bias,[64],0.27479490637779236,0.04100377857685089,0.0010133517207577825,0.003687665590731913,0.0003,1.0,1.0,18,smoke
blocks.1.ln1.weight,[64],7.999724864959717,0.011329558677971363,0.0009655395406298339,0.00012069659356149569,0.0003,1.0,1.0,18,smoke
blocks.1.ln1.bias,[64],0.015586680732667446,0.013236102648079395,0.001070802565664053,0.0686998459793819,0.0003,1.0,1.0,18,smoke
blocks.1.attn.qkv.weight,"[192, 64]",8.018216133117676,0.1688748300075531,0.012338658794760704,0.0015388284114465664,0.0003,1.0,1.0,18,smoke
blocks.1.attn.proj.weight,"[64, 64]",4.57602596282959,0.16924411058425903,0.007118306588381529,0.0015555651664135046,0.0003,1.0,1.0,18,smoke
blocks.1.ln2.weight,[64],8.0039701461792,0.011058476753532887,0.0009505054913461208,0.00011875425245056132,0.0003,1.0,1.0,18,smoke
blocks.1.ln2.bias,[64],0.01346596423536539,0.009144822135567665,0.0009489536751061678,0.07047053285749488,0.0003,1.0,1.0,18,smoke
blocks.1.mlp.fc1.weight,"[256, 64]",9.24654483795166,0.12624022364616394,0.014967972412705421,0.0016187638382794238,0.0003,1.0,1.0,18,smoke
blocks.1.mlp.fc1.bias,[256],1.1337279081344604,0.014477619901299477,0.0020014322362840176,0.001765355004427259,0.0003,1.0,1.0,18,smoke
blocks.1.mlp.fc2.weight,"[64, 256]",4.64101505279541,0.231000617146492,0.015387699007987976,0.0033155891185312025,0.0003,1.0,1.0,18,smoke
blocks.1.mlp.fc2.bias,[64],0.29226234555244446,0.0399043895304203,0.0009705531992949545,0.0033208287487749445,0.0003,1.0,1.0,18,smoke
ln_f.weight,[64],7.995509147644043,0.0663641169667244,0.000944822037126869,0.0001181690896326809,0.0003,1.0,1.0,18,smoke
ln_f.bias,[64],0.01477455161511898,0.056119199842214584,0.0009767396841198206,0.06610959909743121,0.0003,1.0,1.0,18,smoke
lm_head.weight,"[33, 64]",3.3442494869232178,0.8475341200828552,0.00669517507776618,0.0020019962936215882,0.0003,1.0,1.0,18,smoke
token_emb.weight,"[33, 64]",46.13252258300781,0.04278675839304924,0.0042084092274308205,9.122434655201192e-05,0.0003,1.0,1.0,19,smoke
pos_emb.weight,"[32, 64]",44.93275451660156,0.04278675839304924,0.0020549825858324766,4.573462294801469e-05,0.0003,1.0,1.0,19,smoke
blocks.0.ln1.weight,[64],7.999755382537842,0.008399602957069874,0.0008696320001035929,0.00010870732397666276,0.0003,1.0,1.0,19,smoke
blocks.0.ln1.bias,[64],0.014814198017120361,0.010885770432651043,0.0008473762427456677,0.057200277852798936,0.0003,1.0,1.0,19,smoke
blocks.0.attn.qkv.weight,"[192, 64]",7.998606204986572,0.13268254697322845,0.011544153094291687,0.0014432705897053305,0.0003,1.0,1.0,19,smoke
blocks.0.attn.proj.weight,"[64, 64]",4.6435112953186035,0.15870577096939087,0.00687204347923398,0.0014799239287222345,0.0003,1.0,1.0,19,smoke
blocks.0.ln2.weight,[64],7.999989986419678,0.009691540151834488,0.0009057207498699427,0.00011321523544497456,0.0003,1.0,1.0,19,smoke
blocks.0.ln2.bias,[64],0.014422778971493244,0.009565480053424835,0.0008827178389765322,0.06120303449988606,0.0003,1.0,1.0,19,smoke
blocks.0.mlp.fc1.weight,"[256, 64]",9.294156074523926,0.12155760824680328,0.01437441073358059,0.001546607418502695,0.0003,1.0,1.0,19,smoke
blocks.0.mlp.fc1.bias,[256],1.1788288354873657,0.015670841559767723,0.0018105137860402465,0.001535858075011986,0.0003,1.0,1.0,19,smoke
blocks.0.mlp.fc2.weight,"[64, 256]",4.591691017150879,0.23993630707263947,0.014587104320526123,0.003176847977366157,0.0003,1.0,1.0,19,smoke
blocks.0.mlp.fc2.bias,[64],0.2746441066265106,0.04176587611436844,0.0009838187834247947,0.0035821587271948744,0.0003,1.0,1.0,19,smoke
blocks.1.ln1.weight,[64],7.999605178833008,0.00800830963999033,0.0009120252216234803,0.00011400877933784823,0.0003,1.0,1.0,19,smoke
blocks.1.ln1.bias,[64],0.016488170251250267,0.009810920804738998,0.0010385451605543494,0.06298728996175901,0.0003,1.0,1.0,19,smoke
blocks.1.attn.qkv.weight,"[192, 64]",8.018418312072754,0.12064039707183838,0.011782951653003693,0.0014694857756751044,0.0003,1.0,1.0,19,smoke
blocks.1.attn.proj.weight,"[64, 64]",4.575977802276611,0.1280461549758911,0.006745774298906326,0.0014741711149801058,0.0003,1.0,1.0,19,smoke
blocks.1.ln2.weight,[64],8.004343032836914,0.009046997874975204,0.00091343536041677,0.00011411746806321325,0.0003,1.0,1.0,19,smoke
blocks.1.ln2.bias,[64],0.014193378388881683,0.006957266014069319,0.0009232290321961045,0.06504646088483851,0.0003,1.0,1.0,19,smoke
blocks.1.mlp.fc1.weight,"[256, 64]",9.247005462646484,0.11517748981714249,0.014309285208582878,0.0015474507143296932,0.0003,1.0,1.0,19,smoke
blocks.1.mlp.fc1.bias,[256],1.133648157119751,0.013018621131777763,0.001963492250069976,0.001732012033661839,0.0003,1.0,1.0,19,smoke
blocks.1.mlp.fc2.weight,"[64, 256]",4.641761779785156,0.22516772150993347,0.014552227221429348,0.0031350655013801455,0.0003,1.0,1.0,19,smoke
blocks.1.mlp.fc2.bias,[64],0.2924064099788666,0.03946882486343384,0.0009501698659732938,0.0032494837101620534,0.0003,1.0,1.0,19,smoke
ln_f.weight,[64],7.99539041519165,0.06284886598587036,0.000909643538761884,0.00011377099697764786,0.0003,1.0,1.0,19,smoke
ln_f.bias,[64],0.015565631911158562,0.05989484116435051,0.0009587513632141054,0.061594117648818586,0.0003,1.0,1.0,19,smoke
lm_head.weight,"[33, 64]",3.343986988067627,0.8799794912338257,0.006305765826255083,0.001885702859716857,0.0003,1.0,1.0,19,smoke
token_emb.weight,"[33, 64]",46.13246154785156,0.04258834943175316,0.004168272949755192,9.035444478573055e-05,0.0003,1.0,1.0,20,smoke
pos_emb.weight,"[32, 64]",44.93278503417969,0.05041351169347763,0.0018979847664013505,4.224053249665211e-05,0.0003,1.0,1.0,20,smoke
blocks.0.ln1.weight,[64],7.999646186828613,0.00933203287422657,0.000813150720205158,0.00010164833559064243,0.0003,1.0,1.0,20,smoke
blocks.0.ln1.bias,[64],0.015512710437178612,0.015281383879482746,0.0007827315130271018,0.05045743077567957,0.0003,1.0,1.0,20,smoke
blocks.0.attn.qkv.weight,"[192, 64]",7.998644828796387,0.17572645843029022,0.011288092471659184,0.0014112506197325157,0.0003,1.0,1.0,20,smoke
blocks.0.attn.proj.weight,"[64, 64]",4.643465042114258,0.18238548934459686,0.006372350268065929,0.0013723265299235411,0.0003,1.0,1.0,20,smoke
blocks.0.ln2.weight,[64],8.000137329101562,0.008513584733009338,0.0008431408205069602,0.00010539079341049852,0.0003,1.0,1.0,20,smoke
blocks.0.ln2.bias,[64],0.015120450407266617,0.011530970223248005,0.0008258001762442291,0.05461478686159801,0.0003,1.0,1.0,20,smoke
blocks.0.mlp.fc1.weight,"[256, 64]",9.294466972351074,0.11863528937101364,0.013821323402225971,0.0014870485250355148,0.0003,1.0,1.0,20,smoke
blocks.0.mlp.fc1.bias,[256],1.1786679029464722,0.01773892529308796,0.001656500855460763,0.0014054008354005302,0.0003,1.0,1.0,20,smoke
blocks.0.mlp.fc2.weight,"[64, 256]",4.592194557189941,0.24827879667282104,0.013846847228705883,0.003015300649016721,0.0003,1.0,1.0,20,smoke
blocks.0.mlp.fc2.bias,[64],0.2745027542114258,0.055218663066625595,0.0008264812058769166,0.0030108302856602653,0.0003,1.0,1.0,20,smoke
blocks.1.ln1.weight,[64],7.999461650848389,0.012341695837676525,0.0008059293031692505,0.00010074794259233395,0.0003,1.0,1.0,20,smoke
blocks.1.ln1.bias,[64],0.01735881343483925,0.019912241026759148,0.0008398263598792255,0.04838040128904714,0.0003,1.0,1.0,20,smoke
blocks.1.attn.qkv.weight,"[192, 64]",8.018574714660645,0.17993663251399994,0.011504583992064,0.0014347417591594877,0.0003,1.0,1.0,20,smoke
blocks.1.attn.proj.weight,"[64, 64]",4.575916290283203,0.16399168968200684,0.006336407735943794,0.0013847298188996448,0.0003,1.0,1.0,20,smoke
blocks.1.ln2.weight,[64],8.004656791687012,0.007065241690725088,0.0008717841701582074,0.00010890962509018149,0.0003,1.0,1.0,20,smoke
blocks.1.ln2.bias,[64],0.014905460178852081,0.006935781333595514,0.0008345951791852713,0.05599258051552127,0.0003,1.0,1.0,20,smoke
blocks.1.mlp.fc1.weight,"[256, 64]",9.247406959533691,0.1183958575129509,0.013657717034220695,0.001476923973821673,0.0003,1.0,1.0,20,smoke
blocks.1.mlp.fc1.bias,[256],1.133618712425232,0.015228647738695145,0.0017655802657827735,0.0015574727608417304,0.0003,1.0,1.0,20,smoke
blocks.1.mlp.fc2.weight,"[64, 256]",4.642475128173828,0.22348788380622864,0.013816887512803078,0.0029761898839161067,0.0003,1.0,1.0,20,smoke
blocks.1.mlp.fc2.bias,[64],0.29260024428367615,0.049734991043806076,0.0008227599319070578,0.0028118907895011576,0.0003,1.0,1.0,20,smoke
ln_f.weight,[64],7.995273590087891,0.067964106798172,0.0008691184921190143,0.00010870403399284553,0.0003,1.0,1.0,20,smoke
ln_f.bias,[64],0.01630730926990509,0.07179685682058334,0.0008257815497927368,0.050638737275726105,0.0003,1.0,1.0,20,smoke
lm_head.weight,"[33, 64]",3.3437600135803223,0.8458914756774902,0.0062185488641262054,0.0018597473619130073,0.0003,1.0,1.0,20,smoke
token_emb.weight,"[33, 64]",46.13236618041992,0.04671313241124153,0.00435408903285861,9.43825212829995e-05,0.0003,1.0,1.0,21,smoke
pos_emb.weight,"[32, 64]",44.93280792236328,0.048132311552762985,0.0017623677849769592,3.9222293608315095e-05,0.0003,1.0,1.0,21,smoke
blocks.0.ln1.weight,[64],7.999573230743408,0.011730995029211044,0.0007627118611708283,9.53440688860284e-05,0.0003,1.0,1.0,21,smoke
blocks.0.ln1.bias,[64],0.016128521412611008,0.015052410773932934,0.0007661602576263249,0.04750344052166237,0.0003,1.0,1.0,21,smoke
blocks.0.attn.qkv.weight,"[192, 64]",7.998755931854248,0.16134823858737946,0.010886107571423054,0.0013609750896474058,0.0003,1.0,1.0,21,smoke
blocks.0.attn.proj.weight,"[64, 64]",4.6434221267700195,0.16851700842380524,0.006248879246413708,0.0013457486904729142,0.0003,1.0,1.0,21,smoke
blocks.0.ln2.weight,[64],8.000289916992188,0.010848195292055607,0.0008062203996814787,0.00010077389795201169,0.0003,1.0,1.0,21,smoke
blocks.0.ln2.bias,[64],0.015788035467267036,0.008473329246044159,0.0008007250726222992,0.050717207614742424,0.0003,1.0,1.0,21,smoke
blocks.0.mlp.fc1.weight,"[256, 64]",9.294814109802246,0.12087468057870865,0.013359066098928452,0.0014372601690699842,0.0003,1.0,1.0,21,smoke
blocks.0.mlp.fc1.bias,[256],1.1785237789154053,0.014034172520041466,0.0016028390964493155,0.001360039674315615,0.0003,1.0,1.0,21,smoke
blocks.0.mlp.fc2.weight,"[64, 256]",4.592747688293457,0.24310363829135895,0.013520379550755024,0.0029438541954345497,0.0003,1.0,1.0,21,smoke
blocks.0.mlp.fc2.bias,[64],0.2743352949619293,0.04315653815865517,0.0008081231499090791,0.0029457498351468984,0.0003,1.0,1.0,21,smoke
blocks.1.ln1.weight,[64],7.999364852905273,0.013273275457322598,0.0007760604494251311,9.701525854809276e-05,0.0003,1.0,1.0,21,smoke
blocks.1.ln1.bias,[64],0.018100129440426826,0.011764840222895145,0.0008194014662876725,0.04527047549491723,0.0003,1.0,1.0,21,smoke
blocks.1.attn.qkv.weight,"[192, 64]",8.018741607666016,0.16492445766925812,0.011936897411942482,0.0014886247738087309,0.0003,1.0,1.0,21,smoke
blocks.1.attn.proj.weight,"[64, 64]",4.57590913772583,0.14690397679805756,0.006094153504818678,0.0013317907592560712,0.0003,1.0,1.0,21,smoke
blocks.1.ln2.weight,[64],8.005001068115234,0.00917375274002552,0.0008515316294506192,0.00010637495513178128,0.0003,1.0,1.0,21,smoke
blocks.1.ln2.bias,[64],0.01556288730353117,0.0074457465671002865,0.0008165935287252069,0.05247056749809686,0.0003,1.0,1.0,21,smoke
blocks.1.mlp.fc1.weight,"[256, 64]",9.247825622558594,0.12124161422252655,0.013237438164651394,0.0014314108748288655,0.0003,1.0,1.0,21,smoke
blocks.1.mlp.fc1.bias,[256],1.1335614919662476,0.013204979710280895,0.0017035743221640587,0.0015028512650064364,0.0003,1.0,1.0,21,smoke
blocks.1.mlp.fc2.weight,"[64, 256]",4.643226146697998,0.23540619015693665,0.013443774543702602,0.0028953520933420527,0.0003,1.0,1.0,21,smoke
blocks.1.mlp.fc2.bias,[64],0.29280197620391846,0.041698992252349854,0.0008124395390041173,0.0027747064741062517,0.0003,1.0,1.0,21,smoke
ln_f.weight,[64],7.99517297744751,0.06342381983995438,0.0008460292010568082,0.00010581749806330099,0.0003,1.0,1.0,21,smoke
ln_f.bias,[64],0.016995636746287346,0.05865110456943512,0.0008217208087444305,0.04834892749304808,0.0003,1.0,1.0,21,smoke
lm_head.weight,"[33, 64]",3.343559741973877,0.8579159379005432,0.006130651570856571,0.001833570219755466,0.0003,1.0,1.0,21,smoke
token_emb.weight,"[33, 64]",46.132293701171875,0.047592613846063614,0.004355143755674362,9.440553257302553e-05,0.0003,1.0,1.0,22,smoke
pos_emb.weight,"[32, 64]",44.93282699584961,0.048594702035188675,0.0016485188389196992,3.668851815337528e-05,0.0003,1.0,1.0,22,smoke
blocks.0.ln1.weight,[64],7.99957799911499,0.009716561064124107,0.0007302618469111621,9.128754629206097e-05,0.0003,1.0,1.0,22,smoke
blocks.0.ln1.bias,[64],0.01680111698806286,0.014098280109465122,0.0006770698237232864,0.040299095840136245,0.0003,1.0,1.0,22,smoke
blocks.0.attn.qkv.weight,"[192, 64]",7.998899936676025,0.16819977760314941,0.010909095406532288,0.0013638244624754746,0.0003,1.0,1.0,22,smoke
blocks.0.attn.proj.weight,"[64, 64]",4.643438339233398,0.16914832592010498,0.006146338768303394,0.0013236611147329491,0.0003,1.0,1.0,22,smoke
blocks.0.ln2.weight,[64],8.000482559204102,0.010461543686687946,0.0008542087743990123,0.00010676965646482081,0.0003,1.0,1.0,22,smoke
blocks.0.ln2.bias,[64],0.016457922756671906,0.009230900555849075,0.0007411558763124049,0.04503337919798818,0.0003,1.0,1.0,22,smoke
blocks.0.mlp.fc1.weight,"[256, 64]",9.295208930969238,0.13625268638134003,0.013369780033826828,0.0014383517501454076,0.0003,1.0,1.0,22,smoke
blocks.0.mlp.fc1.bias,[256],1.1783607006072998,0.016036616638302803,0.001569457002915442,0.0013318986301109502,0.0003,1.0,1.0,22,smoke
blocks.0.mlp.fc2.weight,"[64, 256]",4.593365669250488,0.254106730222702,0.01321531180292368,0.0028770432738223642,0.0003,1.0,1.0,22,smoke
blocks.0.mlp.fc2.bias,[64],0.27417123317718506,0.04102111980319023,0.0007595751667395234,0.002770440785991004,0.0003,1.0,1.0,22,smoke
blocks.1.ln1.weight,[64],7.999330997467041,0.011241164989769459,0.0007245666347444057,9.057840399076337e-05,0.0003,1.0,1.0,22,smoke
blocks.1.ln1.bias,[64],0.018843194469809532,0.013009180314838886,0.0008300757617689669,0.044051753703381345,0.0003,1.0,1.0,22,smoke
blocks.1.attn.qkv.weight,"[192, 64]",8.019044876098633,0.16879287362098694,0.011952540837228298,0.0014905192603241,0.0003,1.0,1.0,22,smoke
blocks.1.attn.proj.weight,"[64, 64]",4.575933933258057,0.16044941544532776,0.006179383490234613,0.001350409245492516,0.0003,1.0,1.0,22,smoke
blocks.1.ln2.weight,[64],8.005390167236328,0.0085412273183465,0.0008341009961441159,0.00010419242269512888,0.0003,1.0,1.0,22,smoke
blocks.1.ln2.bias,[64],0.01625460386276245,0.008003381080925465,0.0007416235166601837,0.04562544390018408,0.0003,1.0,1.0,22,smoke
blocks.1.mlp.fc1.weight,"[256, 64]",9.248298645019531,0.12606661021709442,0.013038239441812038,0.001409798703768449,0.0003,1.0,1.0,22,smoke
blocks.1.mlp.fc1.bias,[256],1.133498191833496,0.01345234364271164,0.0015837461687624454,0.0013972198457596551,0.0003,1.0,1.0,22,smoke
blocks.1.mlp.fc2.weight,"[64, 256]",4.6440043449401855,0.2365799844264984,0.013177814893424511,0.0028375974513852958,0.0003,1.0,1.0,22,smoke
blocks.1.mlp.fc2.bias,[64],0.2930198013782501,0.037567175924777985,0.0007462117937393486,0.0025466258260686183,0.0003,1.0,1.0,22,smoke
ln_f.weight,[64],7.995079040527344,0.060727279633283615,0.0008172057569026947,0.00010221359323156773,0.0003,1.0,1.0,22,smoke
ln_f.bias,[64],0.017709119245409966,0.052906181663274765,0.0007573741022497416,0.04276746300898311,0.0003,1.0,1.0,22,smoke
lm_head.weight,"[33, 64]",3.343388795852661,0.8475249409675598,0.006064940243959427,0.001814009860738524,0.0003,1.0,1.0,22,smoke
token_emb.weight,"[33, 64]",46.132293701171875,0.04289411008358002,0.0044440473429858685,9.633267688298313e-05,0.0003,1.0,1.0,23,smoke
pos_emb.weight,"[32, 64]",44.93282699584961,0.04095754772424698,0.0017297074664384127,3.849540707950968e-05,0.0003,1.0,1.0,23,smoke
blocks.0.ln1.weight,[64],7.9996113777160645,0.007457185070961714,0.0007544360123574734,9.430908287108183e-05,0.0003,1.0,1.0,23,smoke
blocks.0.ln1.bias,[64],0.01740160770714283,0.010792745277285576,0.0006562278722412884,0.03771076117133286,0.0003,1.0,1.0,23,smoke
blocks.0.attn.qkv.weight,"[192, 64]",7.999121189117432,0.13881976902484894,0.011206453666090965,0.0014009606056896618,0.0003,1.0,1.0,23,smoke
blocks.0.attn.proj.weight,"[64, 64]",4.643442630767822,0.16244453191757202,0.00638497294858098,0.0013750515417749838,0.0003,1.0,1.0,23,smoke
blocks.0.ln2.weight,[64],8.00067138671875,0.010255507193505764,0.0008960900595411658,0.00011200185787266435,0.0003,1.0,1.0,23,smoke
blocks.0.ln2.bias,[64],0.01709159091114998,0.009050578810274601,0.0007741459994576871,0.04529396961827938,0.0003,1.0,1.0,23,smoke
blocks.0.mlp.fc1.weight,"[256, 64]",9.295618057250977,0.11908400803804398,0.013722928240895271,0.0014762792701224212,0.0003,1.0,1.0,23,smoke
blocks.0.mlp.fc1.bias,[256],1.1781805753707886,0.016051601618528366,0.0016402797773480415,0.0013922142425678886,0.0003,1.0,1.0,23,smoke
blocks.0.mlp.fc2.weight,"[64, 256]",4.594006538391113,0.23683123290538788,0.01362210139632225,0.002965189814704292,0.0003,1.0,1.0,23,smoke
blocks.0.mlp.fc2.bias,[64],0.273990660905838,0.042027104645967484,0.0008042592671699822,0.002935352849294308,0.0003,1.0,1.0,23,smoke
blocks.1.ln1.weight,[64],7.9993486404418945,0.012683236971497536,0.000761507370043546,9.519617212251913e-05,0.0003,1.0,1.0,23,smoke
blocks.1.ln1.bias,[64],0.019593268632888794,0.012070095166563988,0.0008467728039249778,0.043217536583130656,0.0003,1.0,1.0,23,smoke
blocks.1.attn.qkv.weight,"[192, 64]",8.01944637298584,0.14836403727531433,0.011961178854107857,0.0014915217706798396,0.0003,1.0,1.0,23,smoke
blocks.1.attn.proj.weight,"[64, 64]",4.576001167297363,0.13529494404792786,0.006303600035607815,0.0013775346214194239,0.0003,1.0,1.0,23,smoke
blocks.1.ln2.weight,[64],8.005788803100586,0.00952602457255125,0.0008881573448888958,0.00011093939232382931,0.0003,1.0,1.0,23,smoke
blocks.1.ln2.bias,[64],0.01688125543296337,0.007283547893166542,0.0007693653460592031,0.04557512615779116,0.0003,1.0,1.0,23,smoke
blocks.1.mlp.fc1.weight,"[256, 64]",9.248799324035645,0.1122746616601944,0.013371938839554787,0.0014458026789276298,0.0003,1.0,1.0,23,smoke
blocks.1.mlp.fc1.bias,[256],1.1334381103515625,0.01330170314759016,0.0016772296512499452,0.001479771710455115,0.0003,1.0,1.0,23,smoke
blocks.1.mlp.fc2.weight,"[64, 256]",4.644771099090576,0.2138451784849167,0.013469119556248188,0.0028998457122860967,0.0003,1.0,1.0,23,smoke
blocks.1.mlp.fc2.bias,[64],0.2931731343269348,0.03934992104768753,0.0008055673679336905,0.002747753029223184,0.0003,1.0,1.0,23,smoke
ln_f.weight,[64],7.994992733001709,0.06870921701192856,0.0008583837770856917,0.00010736517289658782,0.0003,1.0,1.0,23,smoke
ln_f.bias,[64],0.018382806330919266,0.06152867525815964,0.0008340465719811618,0.04537101446683488,0.0003,1.0,1.0,23,smoke
lm_head.weight,"[33, 64]",3.3432388305664062,0.8768324851989746,0.006109531968832016,0.0018274291124445179,0.0003,1.0,1.0,23,smoke
token_emb.weight,"[33, 64]",46.132259368896484,0.0470135472714901,0.00437774695456028,9.48955679702058e-05,0.0003,1.0,1.0,24,smoke
pos_emb.weight,"[32, 64]",44.932823181152344,0.04545510932803154,0.0019611020106822252,4.364519902913278e-05,0.0003,1.0,1.0,24,smoke
blocks.0.ln1.weight,[64],7.999679088592529,0.011538663879036903,0.0008225134806707501,0.00010281830952989689,0.0003,1.0,1.0,24,smoke
blocks.0.ln1.bias,[64],0.017986468970775604,0.016242319718003273,0.0007125390693545341,0.03961528360637471,0.0003,1.0,1.0,24,smoke
blocks.0.attn.qkv.weight,"[192, 64]",7.9993696212768555,0.16119438409805298,0.011193934828042984,0.0013993521187306024,0.0003,1.0,1.0,24,smoke
blocks.0.attn.proj.weight,"[64, 64]",4.643495559692383,0.17112445831298828,0.0064156451262533665,0.0013816412751514256,0.0003,1.0,1.0,24,smoke
blocks.0.ln2.weight,[64],8.000920295715332,0.01109904982149601,0.0009181365021504462,0.00011475386183288544,0.0003,1.0,1.0,24,smoke
blocks.0.ln2.bias,[64],0.01772429794073105,0.010605201125144958,0.0007566915592178702,0.042692329013436794,0.0003,1.0,1.0,24,smoke
blocks.0.mlp.fc1.weight,"[256, 64]",9.2960786819458,0.12674681842327118,0.013616350479424,0.0014647413113949574,0.0003,1.0,1.0,24,smoke
blocks.0.mlp.fc1.bias,[256],1.1779783964157104,0.01836503855884075,0.0015914575196802616,0.001351007390732006,0.0003,1.0,1.0,24,smoke
blocks.0.mlp.fc2.weight,"[64, 256]",4.594688892364502,0.23903051018714905,0.01346763875335455,0.002931131806494059,0.0003,1.0,1.0,24,smoke
blocks.0.mlp.fc2.bias,[64],0.2738383710384369,0.0491141676902771,0.0007908301777206361,0.0028879450849845748,0.0003,1.0,1.0,24,smoke
blocks.1.ln1.weight,[64],7.999400615692139,0.013310791924595833,0.0008044482092373073,0.00010056356068219037,0.0003,1.0,1.0,24,smoke
blocks.1.ln1.bias,[64],0.020375199615955353,0.017389537766575813,0.0008109856280498207,0.03980258565981147,0.0003,1.0,1.0,24,smoke
blocks.1.attn.qkv.weight,"[192, 64]",8.01987075805664,0.1692584902048111,0.011932050809264183,0.0014878108599539993,0.0003,1.0,1.0,24,smoke
blocks.1.attn.proj.weight,"[64, 64]",4.576112270355225,0.1607964038848877,0.006407872308045626,0.0014002873901404979,0.0003,1.0,1.0,24,smoke
blocks.1.ln2.weight,[64],8.00619888305664,0.013229724951088428,0.0009631585562601686,0.00012030160258677583,0.0003,1.0,1.0,24,smoke
blocks.1.ln2.bias,[64],0.017532028257846832,0.011363917961716652,0.0008258195593953133,0.04710348096921987,0.0003,1.0,1.0,24,smoke
blocks.1.mlp.fc1.weight,"[256, 64]",9.24930191040039,0.12826986610889435,0.013362446799874306,0.0014446978733442448,0.0003,1.0,1.0,24,smoke
blocks.1.mlp.fc1.bias,[256],1.133411169052124,0.017075911164283752,0.0016819890588521957,0.001484006073681848,0.0003,1.0,1.0,24,smoke
blocks.1.mlp.fc2.weight,"[64, 256]",4.645557403564453,0.24475258588790894,0.013515816070139408,0.00290940675058045,0.0003,1.0,1.0,24,smoke
blocks.1.mlp.fc2.bias,[64],0.29337483644485474,0.04617004841566086,0.0007918546907603741,0.0026991227344381253,0.0003,1.0,1.0,24,smoke
ln_f.weight,[64],7.994926929473877,0.06288208067417145,0.0008440270321443677,0.00010557032473089916,0.0003,1.0,1.0,24,smoke
ln_f.bias,[64],0.01909060776233673,0.06443622708320618,0.000812441692687571,0.042557141333677814,0.0003,1.0,1.0,24,smoke
lm_head.weight,"[33, 64]",3.3431344032287598,0.849528968334198,0.006145082879811525,0.0018381202005748488,0.0003,1.0,1.0,24,smoke
token_emb.weight,"[33, 64]",46.13224411010742,0.048053640872240067,0.004248115234076977,9.2085596875315e-05,0.0003,1.0,1.0,25,smoke
pos_emb.weight,"[32, 64]",44.93281555175781,0.0461752749979496,0.0019243331626057625,4.282689920441633e-05,0.0003,1.0,1.0,25,smoke
blocks.0.ln1.weight,[64],7.9997639656066895,0.010544058866798878,0.0008092874777503312,0.00010116391948933659,0.0003,1.0,1.0,25,smoke
blocks.0.ln1.bias,[64],0.01856021024286747,0.015270319767296314,0.0008129515335895121,0.04380077180978715,0.0003,1.0,1.0,25,smoke
blocks.0.attn.qkv.weight,"[192, 64]",7.999669551849365,0.1686384677886963,0.011745376512408257,0.0014682327108990344,0.0003,1.0,1.0,25,smoke
blocks.0.attn.proj.weight,"[64, 64]",4.643576145172119,0.17425625026226044,0.006529432255774736,0.001406121500250044,0.0003,1.0,1.0,25,smoke
blocks.0.ln2.weight,[64],8.00120735168457,0.01113948319107294,0.0009426112519577146,0.00011780862693919032,0.0003,1.0,1.0,25,smoke
blocks.0.ln2.bias,[64],0.018326185643672943,0.011613654904067516,0.0008401784580200911,0.04584578997267552,0.0003,1.0,1.0,25,smoke
blocks.0.mlp.fc1.weight,"[256, 64]",9.29658317565918,0.1332659125328064,0.013881956227123737,0.0014932320794450837,0.0003,1.0,1.0,25,smoke
blocks.0.mlp.fc1.bias,[256],1.177809476852417,0.016342973336577415,0.0016984124667942524,0.0014420095101740028,0.0003,1.0,1.0,25,smoke
blocks.0.mlp.fc2.weight,"[64, 256]",4.595395565032959,0.2505006790161133,0.013724809512495995,0.0029866437651048126,0.0003,1.0,1.0,25,smoke
blocks.0.mlp.fc2.bias,[64],0.27372172474861145,0.041636984795331955,0.0008536686655133963,0.0031187464798324406,0.0003,1.0,1.0,25,smoke
blocks.1.ln1.weight,[64],7.9994611740112305,0.01168262492865324,0.0008119497215375304,0.0001015005515840748,0.0003,1.0,1.0,25,smoke
blocks.1.ln1.bias,[64],0.021079687401652336,0.013411467894911766,0.0008534108055755496,0.0404849839238439,0.0003,1.0,1.0,25,smoke
blocks.1.attn.qkv.weight,"[192, 64]",8.020302772521973,0.1746646761894226,0.01208167802542448,0.0015063867746760156,0.0003,1.0,1.0,25,smoke
blocks.1.attn.proj.weight,"[64, 64]",4.576212406158447,0.16844843327999115,0.006588461343199015,0.0014397193046224383,0.0003,1.0,1.0,25,smoke
blocks.1.ln2.weight,[64],8.006722450256348,0.012447141110897064,0.0010318338172510266,0.00012887093609920136,0.0003,1.0,1.0,25,smoke
blocks.1.ln2.bias,[64],0.018228929489850998,0.009069412015378475,0.000863655935972929,0.04737831349085922,0.0003,1.0,1.0,25,smoke
blocks.1.mlp.fc1.weight,"[256, 64]",9.249931335449219,0.1342936009168625,0.013548380695283413,0.001464700677653781,0.0003,1.0,1.0,25,smoke
blocks.1.mlp.fc1.bias,[256],1.1333640813827515,0.015417567454278469,0.001755562610924244,0.0015489838082590232,0.0003,1.0,1.0,25,smoke
blocks.1.mlp.fc2.weight,"[64, 256]",4.646446228027344,0.24080972373485565,0.013775221072137356,0.0029646788956784395,0.0003,1.0,1.0,25,smoke
blocks.1.mlp.fc2.bias,[64],0.2934951186180115,0.04137809947133064,0.0008420048980042338,0.0028688889340613413,0.0003,1.0,1.0,25,smoke
ln_f.weight,[64],7.994905948638916,0.07559236139059067,0.0008843826362863183,0.00011061826642712151,0.0003,1.0,1.0,25,smoke
ln_f.bias,[64],0.019783051684498787,0.059738799929618835,0.0008655207930132747,0.043750620825171394,0.0003,1.0,1.0,25,smoke
lm_head.weight,"[33, 64]",3.343080520629883,0.8408011198043823,0.006162584293633699,0.001843384942601557,0.0003,1.0,1.0,25,smoke
token_emb.weight,"[33, 64]",46.132179260253906,0.04534679651260376,0.004157484974712133,9.012114843432287e-05,0.0003,1.0,1.0,26,smoke
pos_emb.weight,"[32, 64]",44.932804107666016,0.04565282166004181,0.0019203930860385299,4.273922191539545e-05,0.0003,1.0,1.0,26,smoke
blocks.0.ln1.weight,[64],7.999836444854736,0.01384907215833664,0.0008132089860737324,0.00010165320149723372,0.0003,1.0,1.0,26,smoke
blocks.0.ln1.bias,[64],0.019196998327970505,0.018283173441886902,0.0008977368124760687,0.0467644366654991,0.0003,1.0,1.0,26,smoke
blocks.0.attn.qkv.weight,"[192, 64]",7.999978065490723,0.17772400379180908,0.011545314453542233,0.0014431682635912375,0.0003,1.0,1.0,26,smoke
blocks.0.attn.proj.weight,"[64, 64]",4.643632888793945,0.18125003576278687,0.006674918811768293,0.001437434649038744,0.0003,1.0,1.0,26,smoke
blocks.0.ln2.weight,[64],8.001588821411133,0.010471021756529808,0.0009632746805436909,0.00012038542620011947,0.0003,1.0,1.0,26,smoke
blocks.0.ln2.bias,[64],0.019005555659532547,0.009759819135069847,0.0008670409442856908,0.04562039436351929,0.0003,1.0,1.0,26,smoke
blocks.0.mlp.fc1.weight,"[256, 64]",9.29716682434082,0.12398914992809296,0.013977980241179466,0.0015034666479882726,0.0003,1.0,1.0,26,smoke
blocks.0.mlp.fc1.bias,[256],1.1776379346847534,0.01557938102632761,0.0017926632426679134,0.0015222533088217803,0.0003,1.0,1.0,26,smoke
blocks.0.mlp.fc2.weight,"[64, 256]",4.5961785316467285,0.2445744425058365,0.013833609409630299,0.0030098068024076437,0.0003,1.0,1.0,26,smoke
blocks.0.mlp.fc2.bias,[64],0.27359944581985474,0.049386631697416306,0.0009223236702382565,0.0033710728743417823,0.0003,1.0,1.0,26,smoke
blocks.1.ln1.weight,[64],7.999570846557617,0.014452530071139336,0.000831377285066992,0.00010392773575156861,0.0003,1.0,1.0,26,smoke
blocks.1.ln1.bias,[64],0.0218206737190485,0.018651843070983887,0.0009184859809465706,0.04209246665673628,0.0003,1.0,1.0,26,smoke
blocks.1.attn.qkv.weight,"[192, 64]",8.020832061767578,0.1797441989183426,0.011777052655816078,0.0014683080963573659,0.0003,1.0,1.0,26,smoke
blocks.1.attn.proj.weight,"[64, 64]",4.576350688934326,0.16139215230941772,0.006648876238614321,0.0014528773449751977,0.0003,1.0,1.0,26,smoke
blocks.1.ln2.weight,[64],8.007332801818848,0.010067461058497429,0.0010844761272892356,0.00013543537581489049,0.0003,1.0,1.0,26,smoke
blocks.1.ln2.bias,[64],0.018970075994729996,0.00966074038296938,0.000912844086997211,0.04812021244674005,0.0003,1.0,1.0,26,smoke
blocks.1.mlp.fc1.weight,"[256, 64]",9.250655174255371,0.11884082853794098,0.013685393147170544,0.0014793971766731803,0.0003,1.0,1.0,26,smoke
blocks.1.mlp.fc1.bias,[256],1.1333271265029907,0.015952985733747482,0.0018841944402083755,0.00166253361112274,0.0003,1.0,1.0,26,smoke
blocks.1.mlp.fc2.weight,"[64, 256]",4.647402763366699,0.22970233857631683,0.013973254710435867,0.0030066803808313095,0.0003,1.0,1.0,26,smoke
blocks.1.mlp.fc2.bias,[64],0.2936069071292877,0.04729028046131134,0.0009303373517468572,0.00316864940557134,0.0003,1.0,1.0,26,smoke
ln_f.weight,[64],7.994899749755859,0.06063420698046684,0.0008905135910026729,0.00011138521043117101,0.0003,1.0,1.0,26,smoke
ln_f.bias,[64],0.02053946629166603,0.07154060900211334,0.0009602547506801784,0.0467516895056716,0.0003,1.0,1.0,26,smoke
lm_head.weight,"[33, 64]",3.343066453933716,0.8458960652351379,0.0062067825347185135,0.001856613567287938,0.0003,1.0,1.0,26,smoke
token_emb.weight,"[33, 64]",46.13207244873047,0.04616047814488411,0.004484403878450394,9.72079432033798e-05,0.0003,1.0,1.0,27,smoke
pos_emb.weight,"[32, 64]",44.93278884887695,0.046784333884716034,0.0018896807450801134,4.2055719074898776e-05,0.0003,1.0,1.0,27,smoke
blocks.0.ln1.weight,[64],8.000017166137695,0.010372058488428593,0.00078730343375355,9.841271804841014e-05,0.0003,1.0,1.0,27,smoke
blocks.0.ln1.bias,[64],0.01995660364627838,0.013591750524938107,0.0008592429803684354,0.04305557175950988,0.0003,1.0,1.0,27,smoke
blocks.0.attn.qkv.weight,"[192, 64]",8.000312805175781,0.15014100074768066,0.011022858321666718,0.0013778034172033258,0.0003,1.0,1.0,27,smoke
blocks.0.attn.proj.weight,"[64, 64]",4.643777847290039,0.16225619614124298,0.00646485248580575,0.0013921536943414363,0.0003,1.0,1.0,27,smoke
blocks.0.ln2.weight,[64],8.002049446105957,0.011311234906315804,0.0009436986874789,0.00011793212399332682,0.0003,1.0,1.0,27,smoke
blocks.0.ln2.bias,[64],0.019740069285035133,0.00835899543017149,0.0008906687726266682,0.045119840248072515,0.0003,1.0,1.0,27,smoke
blocks.0.mlp.fc1.weight,"[256, 64]",9.297825813293457,0.12272287160158157,0.013700746931135654,0.0014735430848303453,0.0003,1.0,1.0,27,smoke
blocks.0.mlp.fc1.bias,[256],1.177455186843872,0.01380971260368824,0.0017740086186677217,0.001506646400210687,0.0003,1.0,1.0,27,smoke
blocks.0.mlp.fc2.weight,"[64, 256]",4.597011089324951,0.23458220064640045,0.013593113981187344,0.0029569460932458674,0.0003,1.0,1.0,27,smoke
blocks.0.mlp.fc2.bias,[64],0.27348455786705017,0.036371804773807526,0.0008866519783623517,0.0032420550003901217,0.0003,1.0,1.0,27,smoke
blocks.1.ln1.weight,[64],7.999730587005615,0.01000389363616705,0.0008029707241803408,0.00010037472080430415,0.0003,1.0,1.0,27,smoke
blocks.1.ln1.bias,[64],0.02266194112598896,0.01306910254061222,0.0008661491447128356,0.03822043045198482,0.0003,1.0,1.0,27,smoke
blocks.1.attn.qkv.weight,"[192, 64]",8.02141284942627,0.1447446048259735,0.011855299584567547,0.001477956540463504,0.0003,1.0,1.0,27,smoke
blocks.1.attn.proj.weight,"[64, 64]",4.576541423797607,0.1438913196325302,0.006444569211453199,0.0014081745612400697,0.0003,1.0,1.0,27,smoke
blocks.1.ln2.weight,[64],8.008039474487305,0.010149049572646618,0.0010786654893308878,0.00013469782370171778,0.0003,1.0,1.0,27,smoke
blocks.1.ln2.bias,[64],0.01977057009935379,0.007612190674990416,0.0008932654745876789,0.04518157393027709,0.0003,1.0,1.0,27,smoke
blocks.1.mlp.fc1.weight,"[256, 64]",9.251453399658203,0.12195857614278793,0.013486373238265514,0.0014577572469601124,0.0003,1.0,1.0,27,smoke
blocks.1.mlp.fc1.bias,[256],1.1332799196243286,0.012951080687344074,0.0018000417621806264,0.001588347001486908,0.0003,1.0,1.0,27,smoke
blocks.1.mlp.fc2.weight,"[64, 256]",4.6484551429748535,0.23263601958751678,0.013801902532577515,0.002969137510864473,0.0003,1.0,1.0,27,smoke
blocks.1.mlp.fc2.bias,[64],0.2937486171722412,0.035091422498226166,0.0008939836989156902,0.0030433630888941263,0.0003,1.0,1.0,27,smoke
ln_f.weight,[64],7.9949259757995605,0.058014869689941406,0.0008583077578805387,0.00010735656095861484,0.0003,1.0,1.0,27,smoke
ln_f.bias,[64],0.02139861509203911,0.0506916381418705,0.0009261347004212439,0.04328012333685054,0.0003,1.0,1.0,27,smoke
lm_head.weight,"[33, 64]",3.343078136444092,0.869655966758728,0.006146565545350313,0.0018385946407726464,0.0003,1.0,1.0,27,smoke
token_emb.weight,"[33, 64]",46.13199234008789,0.04584932327270508,0.0043921577744185925,9.520849960347116e-05,0.0003,1.0,1.0,28,smoke
pos_emb.weight,"[32, 64]",44.932769775390625,0.04659508168697357,0.0018597003072500229,4.138850813217769e-05,0.0003,1.0,1.0,28,smoke
blocks.0.ln1.weight,[64],8.000187873840332,0.01098295021802187,0.0008176434203051031,0.00010220302737873198,0.0003,1.0,1.0,28,smoke
blocks.0.ln1.bias,[64],0.020718904212117195,0.011743461713194847,0.0008556722896173596,0.041299109299271254,0.0003,1.0,1.0,28,smoke
blocks.0.attn.qkv.weight,"[192, 64]",8.000648498535156,0.14753268659114838,0.011031503789126873,0.0013788262027942656,0.0003,1.0,1.0,28,smoke
blocks.0.attn.proj.weight,"[64, 64]",4.643939971923828,0.17362013459205627,0.0064660473726689816,0.0013923623930888831,0.0003,1.0,1.0,28,smoke
blocks.0.ln2.weight,[64],8.002519607543945,0.009847194887697697,0.0009376922389492393,0.00011717462560982423,0.0003,1.0,1.0,28,smoke
blocks.0.ln2.bias,[64],0.020481932908296585,0.007767561823129654,0.0008643416222184896,0.042200197905558616,0.0003,1.0,1.0,28,smoke
blocks.0.mlp.fc1.weight,"[256, 64]",9.2985200881958,0.12957243621349335,0.013762109912931919,0.0014800322828148228,0.0003,1.0,1.0,28,smoke
blocks.0.mlp.fc1.bias,[256],1.1772314310073853,0.015016704797744751,0.001729954732581973,0.0014695111657880295,0.0003,1.0,1.0,28,smoke
blocks.0.mlp.fc2.weight,"[64, 256]",4.5978803634643555,0.23834432661533356,0.013655684888362885,0.002969995695597822,0.0003,1.0,1.0,28,smoke
blocks.0.mlp.fc2.bias,[64],0.2733694016933441,0.04418697953224182,0.0008800344076007605,0.0032192132775267627,0.0003,1.0,1.0,28,smoke
blocks.1.ln1.weight,[64],7.99987268447876,0.012783925049006939,0.0008330416749231517,0.00010413186656575266,0.0003,1.0,1.0,28,smoke
blocks.1.ln1.bias,[64],0.02344609797000885,0.01893836259841919,0.0008884570561349392,0.037893599918903856,0.0003,1.0,1.0,28,smoke
blocks.1.attn.qkv.weight,"[192, 64]",8.021987915039062,0.18181559443473816,0.011750128120183945,0.0014647401921605522,0.0003,1.0,1.0,28,smoke
blocks.1.attn.proj.weight,"[64, 64]",4.57671594619751,0.16502654552459717,0.00646471232175827,0.0014125220786597803,0.0003,1.0,1.0,28,smoke
blocks.1.ln2.weight,[64],8.00875473022461,0.009182196110486984,0.0010749963112175465,0.00013422764804627718,0.0003,1.0,1.0,28,smoke
blocks.1.ln2.bias,[64],0.02055513486266136,0.009626452811062336,0.0009025612380355597,0.04390928320665376,0.0003,1.0,1.0,28,smoke
blocks.1.mlp.fc1.weight,"[256, 64]",9.252286911010742,0.12531232833862305,0.013456503860652447,0.0014543975981374346,0.0003,1.0,1.0,28,smoke
blocks.1.mlp.fc1.bias,[256],1.1332513093948364,0.01535053364932537,0.0017615704564377666,0.0015544393744212452,0.0003,1.0,1.0,28,smoke
blocks.1.mlp.fc2.weight,"[64, 256]",4.649542331695557,0.23925228416919708,0.013902652077376842,0.002990111947707967,0.0003,1.0,1.0,28,smoke
blocks.1.mlp.fc2.bias,[64],0.2938899099826813,0.03982045128941536,0.0008594833198003471,0.0029245077513923353,0.0003,1.0,1.0,28,smoke
ln_f.weight,[64],7.994939804077148,0.06456737965345383,0.0008618129068054259,0.00010779479619920721,0.0003,1.0,1.0,28,smoke
ln_f.bias,[64],0.02223670482635498,0.056899361312389374,0.0009050963562913239,0.04070280931276302,0.0003,1.0,1.0,28,smoke
lm_head.weight,"[33, 64]",3.3430721759796143,0.8511539697647095,0.00617503235116601,0.00184711308225242,0.0003,1.0,1.0,28,smoke
token_emb.weight,"[33, 64]",46.13188934326172,0.043144773691892624,0.004590734373778105,9.951325296085348e-05,0.0003,1.0,1.0,29,smoke
pos_emb.weight,"[32, 64]",44.93274688720703,0.05002601072192192,0.0018799052340909839,4.1838199627769e-05,0.0003,1.0,1.0,29,smoke
blocks.0.ln1.weight,[64],8.000351905822754,0.00945997890084982,0.0007884264341555536,9.854896927492992e-05,0.0003,1.0,1.0,29,smoke
blocks.0.ln1.bias,[64],0.02146271988749504,0.013486554846167564,0.0008955055382102728,0.04172376767270894,0.0003,1.0,1.0,29,smoke
blocks.0.attn.qkv.weight,"[192, 64]",8.00098705291748,0.1439136117696762,0.011202408000826836,0.001400128250019101,0.0003,1.0,1.0,29,smoke
blocks.0.attn.proj.weight,"[64, 64]",4.644096851348877,0.15325628221035004,0.006497661117464304,0.0013991226551567416,0.0003,1.0,1.0,29,smoke
blocks.0.ln2.weight,[64],8.003031730651855,0.011824534274637699,0.0009876684052869678,0.00012341178175067927,0.0003,1.0,1.0,29,smoke
blocks.0.ln2.bias,[64],0.021192366257309914,0.011583011597394943,0.0009231699514202774,0.043561438124062574,0.0003,1.0,1.0,29,smoke
blocks.0.mlp.fc1.weight,"[256, 64]",9.29926872253418,0.1319669783115387,0.01415333617478609,0.0015219837814224504,0.0003,1.0,1.0,29,smoke
blocks.0.mlp.fc1.bias,[256],1.1770670413970947,0.016872618347406387,0.0018535007257014513,0.001574677278790746,0.0003,1.0,1.0,29,smoke
blocks.0.mlp.fc2.weight,"[64, 256]",4.5988030433654785,0.24633021652698517,0.013912786729633808,0.003025306062999429,0.0003,1.0,1.0,29,smoke
blocks.0.mlp.fc2.bias,[64],0.27328598499298096,0.04348379001021385,0.0009297512006014585,0.0034021181167608657,0.0003,1.0,1.0,29,smoke
blocks.1.ln1.weight,[64],7.999983310699463,0.010713419876992702,0.0008285950752906501,0.00010357460048478571,0.0003,1.0,1.0,29,smoke
blocks.1.ln1.bias,[64],0.024171987548470497,0.013153878971934319,0.0009482947061769664,0.03923114325106338,0.0003,1.0,1.0,29,smoke
blocks.1.attn.qkv.weight,"[192, 64]",8.02250862121582,0.1385854184627533,0.012030746787786484,0.001499624039788593,0.0003,1.0,1.0,29,smoke
blocks.1.attn.proj.weight,"[64, 64]",4.576872825622559,0.1419099122285843,0.0065451995469629765,0.0014300592995114914,0.0003,1.0,1.0,29,smoke
blocks.1.ln2.weight,[64],8.009519577026367,0.011347831226885319,0.001133637153543532,0.00014153622357015433,0.0003,1.0,1.0,29,smoke
blocks.1.ln2.bias,[64],0.02130853198468685,0.008368505164980888,0.000926816079299897,0.04349506948512189,0.0003,1.0,1.0,29,smoke
blocks.1.mlp.fc1.weight,"[256, 64]",9.25313949584961,0.1252860426902771,0.013713336549699306,0.0014820198653495138,0.0003,1.0,1.0,29,smoke
blocks.1.mlp.fc1.bias,[256],1.1332330703735352,0.015318308025598526,0.0018415105296298862,0.0016250059919473488,0.0003,1.0,1.0,29,smoke
blocks.1.mlp.fc2.weight,"[64, 256]",4.6506733894348145,0.23152485489845276,0.01412105094641447,0.0030363454416072353,0.0003,1.0,1.0,29,smoke
blocks.1.mlp.fc2.bias,[64],0.2939686179161072,0.041804518550634384,0.0009099451126530766,0.0030953818101521198,0.0003,1.0,1.0,29,smoke
ln_f.weight,[64],7.995022296905518,0.0688372328877449,0.0008706699009053409,0.00010890149752832268,0.0003,1.0,1.0,29,smoke
ln_f.bias,[64],0.023021655157208443,0.06302928179502487,0.0009684981778264046,0.042069007254812975,0.0003,1.0,1.0,29,smoke
lm_head.weight,"[33, 64]",3.3431315422058105,0.866485595703125,0.006113809533417225,0.0018287672669270174,0.0003,1.0,1.0,29,smoke
token_emb.weight,"[33, 64]",46.13178253173828,0.043104514479637146,0.004536875523626804,9.834598349858846e-05,0.0003,1.0,1.0,30,smoke
pos_emb.weight,"[32, 64]",44.93272018432617,0.04426015168428421,0.0019196431385353208,4.272261128773031e-05,0.0003,1.0,1.0,30,smoke
blocks.0.ln1.weight,[64],8.000500679016113,0.009885622188448906,0.0007809208473190665,9.760899706780635e-05,0.0003,1.0,1.0,30,smoke
blocks.0.ln1.bias,[64],0.022247765213251114,0.010452641174197197,0.000883767323102802,0.03972386954966679,0.0003,1.0,1.0,30,smoke
blocks.0.attn.qkv.weight,"[192, 64]",8.001323699951172,0.13787789642810822,0.011227786540985107,0.0014032411338455943,0.0003,1.0,1.0,30,smoke
blocks.0.attn.proj.weight,"[64, 64]",4.644245147705078,0.16442644596099854,0.006500571500509977,0.0013997046438692388,0.0003,1.0,1.0,30,smoke
blocks.0.ln2.weight,[64],8.003612518310547,0.01100698672235012,0.0010279288981109858,0.00012843311639079293,0.0003,1.0,1.0,30,smoke
blocks.0.ln2.bias,[64],0.021963253617286682,0.009474254213273525,0.0009013013914227486,0.04103678840703996,0.0003,1.0,1.0,30,smoke
blocks.0.mlp.fc1.weight,"[256, 64]",9.300090789794922,0.1249094232916832,0.014201328158378601,0.0015270096259664319,0.0003,1.0,1.0,30,smoke
blocks.0.mlp.fc1.bias,[256],1.176877498626709,0.015952693298459053,0.0018527641659602523,0.0015743050301515928,0.0003,1.0,1.0,30,smoke
blocks.0.mlp.fc2.weight,"[64, 256]",4.599815368652344,0.2318754643201828,0.013882971368730068,0.0030181583946482416,0.0003,1.0,1.0,30,smoke
blocks.0.mlp.fc2.bias,[64],0.27321088314056396,0.0402032770216465,0.0009339931420981884,0.003418579565213218,0.0003,1.0,1.0,30,smoke
blocks.1.ln1.weight,[64],8.000127792358398,0.011555127799510956,0.0008098103571683168,0.00010122467767850353,0.0003,1.0,1.0,30,smoke
blocks.1.ln1.bias,[64],0.024977749213576317,0.011074592359364033,0.0009027916239574552,0.03614383410762868,0.0003,1.0,1.0,30,smoke
blocks.1.attn.qkv.weight,"[192, 64]",8.02304458618164,0.1397714465856552,0.01213662140071392,0.001512720173787546,0.0003,1.0,1.0,30,smoke
blocks.1.attn.proj.weight,"[64, 64]",4.57706880569458,0.14171329140663147,0.006596600171178579,0.0014412280984221584,0.0003,1.0,1.0,30,smoke
blocks.1.ln2.weight,[64],8.01037883758545,0.008866703137755394,0.0011336756870150566,0.00014152585164833203,0.0003,1.0,1.0,30,smoke
blocks.1.ln2.bias,[64],0.022096944972872734,0.008589879609644413,0.0009633940062485635,0.043598515877704906,0.0003,1.0,1.0,30,smoke
blocks.1.mlp.fc1.weight,"[256, 64]",9.2540922164917,0.11851789057254791,0.013858960010111332,0.001497603404622801,0.0003,1.0,1.0,30,smoke
blocks.1.mlp.fc1.bias,[256],1.1332368850708008,0.013547101058065891,0.0018725463887676597,0.0016523874341159213,0.0003,1.0,1.0,30,smoke
blocks.1.mlp.fc2.weight,"[64, 256]",4.651880264282227,0.23008400201797485,0.014062722213566303,0.0030230189546239634,0.0003,1.0,1.0,30,smoke
blocks.1.mlp.fc2.bias,[64],0.2940554618835449,0.03763527795672417,0.0009282265673391521,0.0031566377355941055,0.0003,1.0,1.0,30,smoke
ln_f.weight,[64],7.995114326477051,0.07088719308376312,0.0009114588028751314,0.00011400197241166338,0.0003,1.0,1.0,30,smoke
ln_f.bias,[64],0.023878877982497215,0.0562795028090477,0.0009833513759076595,0.041180803244961435,0.0003,1.0,1.0,30,smoke
lm_head.weight,"[33, 64]",3.3431854248046875,0.8727393746376038,0.006153706926852465,0.0018406717381558252,0.0003,1.0,1.0,30,smoke
token_emb.weight,"[33, 64]",46.13165283203125,0.04348788410425186,0.004418272525072098,9.577529210061806e-05,0.0002933926296998457,1.0,0.9779754323328191,31,smoke
pos_emb.weight,"[32, 64]",44.93269729614258,0.04344003275036812,0.0018739108927547932,4.1704838692505255e-05,0.0002933926296998457,1.0,0.9779754323328191,31,smoke
blocks.0.ln1.weight,[64],8.000603675842285,0.011864978820085526,0.0008453071932308376,0.00010565542645028541,0.0002933926296998457,1.0,0.9779754323328191,31,smoke
blocks.0.ln1.bias,[64],0.023026635870337486,0.014192990958690643,0.0009225207031704485,0.0400631993472752,0.0002933926296998457,1.0,0.9779754323328191,31,smoke
blocks.0.attn.qkv.weight,"[192, 64]",8.001638412475586,0.16158363223075867,0.010982286185026169,0.0013725046820290416,0.0002933926296998457,1.0,0.9779754323328191,31,smoke
blocks.0.attn.proj.weight,"[64, 64]",4.64436149597168,0.1726737916469574,0.006506511475890875,0.0014009485440645273,0.0002933926296998457,1.0,0.9779754323328191,31,smoke
blocks.0.ln2.weight,[64],8.00423526763916,0.010699506849050522,0.0010355119593441486,0.0001293705050788158,0.0002933926296998457,1.0,0.9779754323328191,31,smoke
blocks.0.ln2.bias,[64],0.022702578455209732,0.009835994802415371,0.0008889858145266771,0.03915792280073257,0.0002933926296998457,1.0,0.9779754323328191,31,smoke
blocks.0.mlp.fc1.weight,"[256, 64]",9.300955772399902,0.1192232146859169,0.014055896550416946,0.0015112314147463298,0.0002933926296998457,1.0,0.9779754323328191,31,smoke
blocks.0.mlp.fc1.bias,[256],1.1766674518585205,0.015057849697768688,0.0018088597571477294,0.0015372735553198782,0.0002933926296998457,1.0,0.9779754323328191,31,smoke
blocks.0.mlp.fc2.weight,"[64, 256]",4.600844860076904,0.22421248257160187,0.013750161044299603,0.002988616539456574,0.0002933926296998457,1.0,0.9779754323328191,31,smoke
blocks.0.mlp.fc2.bias,[64],0.2731613218784332,0.042647834867239,0.000928225286770612,0.003398084620426995,0.0002933926296998457,1.0,0.9779754323328191,31,smoke
blocks.1.ln1.weight,[64],8.00026798248291,0.011841985397040844,0.0008357006590813398,0.00010445908323460651,0.0002933926296998457,1.0,0.9779754323328191,31,smoke
blocks.1.ln1.bias,[64],0.025782134383916855,0.012113641947507858,0.0008770226850174367,0.03401668271361319,0.0002933926296998457,1.0,0.9779754323328191,31,smoke
blocks.1.attn.qkv.weight,"[192, 64]",8.023571014404297,0.16637937724590302,0.012001335620880127,0.0014957598803992335,0.0002933926296998457,1.0,0.9779754323328191,31,smoke
blocks.1.attn.proj.weight,"[64, 64]",4.577253818511963,0.16717688739299774,0.0067483303137123585,0.0014743185720704035,0.0002933926296998457,1.0,0.9779754323328191,31,smoke
blocks.1.ln2.weight,[64],8.011223793029785,0.011417235247790813,0.001134518883191049,0.00014161617656694903,0.0002933926296998457,1.0,0.9779754323328191,31,smoke
blocks.1.ln2.bias,[64],0.022929906845092773,0.008619163185358047,0.0009675725013948977,0.04219696608152457,0.0002933926296998457,1.0,0.9779754323328191,31,smoke
blocks.1.mlp.fc1.weight,"[256, 64]",9.255043029785156,0.12012672424316406,0.013793258927762508,0.001490350599491778,0.0002933926296998457,1.0,0.9779754323328191,31,smoke
blocks.1.mlp.fc1.bias,[256],1.1332677602767944,0.015406128019094467,0.0018558575538918376,0.0016376161212232443,0.0002933926296998457,1.0,0.9779754323328191,31,smoke
blocks.1.mlp.fc2.weight,"[64, 256]",4.653096675872803,0.2371836155653,0.013929067179560661,0.0029935047882812195,0.0002933926296998457,1.0,0.9779754323328191,31,smoke
blocks.1.mlp.fc2.bias,[64],0.29418808221817017,0.042798154056072235,0.0009343600831925869,0.003176063680579911,0.0002933926296998457,1.0,0.9779754323328191,31,smoke
ln_f.weight,[64],7.995167255401611,0.07849069684743881,0.0009112333063967526,0.00011397301360782849,0.0002933926296998457,1.0,0.9779754323328191,31,smoke
ln_f.bias,[64],0.024752553552389145,0.06414131075143814,0.0009826271561905742,0.03969801152478387,0.0002933926296998457,1.0,0.9779754323328191,31,smoke
lm_head.weight,"[33, 64]",3.3432202339172363,0.8567725419998169,0.006039364729076624,0.001806451357229412,0.0002933926296998457,1.0,0.9779754323328191,31,smoke
token_emb.weight,"[33, 64]",46.13148498535156,0.04333240166306496,0.003975939936935902,8.618712227014604e-05,0.00027421729424061787,1.0,0.9140576474687263,32,smoke
pos_emb.weight,"[32, 64]",44.93267822265625,0.04305560514330864,0.0016345453914254904,3.6377653326734246e-05,0.00027421729424061787,1.0,0.9140576474687263,32,smoke
blocks.0.ln1.weight,[64],8.000711441040039,0.011746329255402088,0.0007653726497665048,9.566307389121529e-05,0.00027421729424061787,1.0,0.9140576474687263,32,smoke
blocks.0.ln1.bias,[64],0.02380681410431862,0.015946263447403908,0.0007952861487865448,0.03340582008586684,0.00027421729424061787,1.0,0.9140576474687263,32,smoke
blocks.0.attn.qkv.weight,"[192, 64]",8.001973152160645,0.17698292434215546,0.009901988320052624,0.0012374433320085495,0.00027421729424061787,1.0,0.9140576474687263,32,smoke
blocks.0.attn.proj.weight,"[64, 64]",4.6444549560546875,0.1810915768146515,0.005733378231525421,0.0012344566339374595,0.00027421729424061787,1.0,0.9140576474687263,32,smoke
blocks.0.ln2.weight,[64],8.004887580871582,0.007706215139478445,0.000879698374774307,0.00010989515666358982,0.00027421729424061787,1.0,0.9140576474687263,32,smoke
blocks.0.ln2.bias,[64],0.02339082583785057,0.009559117257595062,0.0007179526728577912,0.030693771901632236,0.00027421729424061787,1.0,0.9140576474687263,32,smoke
blocks.0.mlp.fc1.weight,"[256, 64]",9.301833152770996,0.12099852412939072,0.012461229227483273,0.0013396530579320378,0.00027421729424061787,1.0,0.9140576474687263,32,smoke
blocks.0.mlp.fc1.bias,[256],1.1764864921569824,0.01633450761437416,0.0015534695703536272,0.0013204312847701976,0.00027421729424061787,1.0,0.9140576474687263,32,smoke
blocks.0.mlp.fc2.weight,"[64, 256]",4.601864814758301,0.23554129898548126,0.012186887674033642,0.002648249821452811,0.00027421729424061787,1.0,0.9140576474687263,32,smoke
blocks.0.mlp.fc2.bias,[64],0.27314552664756775,0.04664478451013565,0.0007718073320575058,0.002825626842695278,0.00027421729424061787,1.0,0.9140576474687263,32,smoke
blocks.1.ln1.weight,[64],8.000429153442383,0.011990287341177464,0.0007497852202504873,9.371812509931091e-05,0.00027421729424061787,1.0,0.9140576474687263,32,smoke
blocks.1.ln1.bias,[64],0.026528973132371902,0.013414416462182999,0.0007842629565857351,0.029562507100161388,0.00027421729424061787,1.0,0.9140576474687263,32,smoke
blocks.1.attn.qkv.weight,"[192, 64]",8.024083137512207,0.1542007178068161,0.010690583847463131,0.0013323121986965913,0.00027421729424061787,1.0,0.9140576474687263,32,smoke
blocks.1.attn.proj.weight,"[64, 64]",4.5774617195129395,0.16807085275650024,0.005952233914285898,0.001300335050080821,0.00027421729424061787,1.0,0.9140576474687263,32,smoke
blocks.1.ln2.weight,[64],8.012056350708008,0.009447069838643074,0.0009984737262129784,0.0001246214058547835,0.00027421729424061787,1.0,0.9140576474687263,32,smoke
blocks.1.ln2.bias,[64],0.02372654899954796,0.008855205960571766,0.0008722185157239437,0.0367612886197888,0.00027421729424061787,1.0,0.9140576474687263,32,smoke
blocks.1.mlp.fc1.weight,"[256, 64]",9.25597095489502,0.11799012124538422,0.01232373807579279,0.001331436554397935,0.00027421729424061787,1.0,0.9140576474687263,32,smoke
blocks.1.mlp.fc1.bias,[256],1.1332675218582153,0.01493278332054615,0.0015824042493477464,0.0013963201263838241,0.00027421729424061787,1.0,0.9140576474687263,32,smoke
blocks.1.mlp.fc2.weight,"[64, 256]",4.654279708862305,0.22335916757583618,0.012393948622047901,0.0026629144351699237,0.00027421729424061787,1.0,0.9140576474687263,32,smoke
blocks.1.mlp.fc2.bias,[64],0.29429540038108826,0.04375222325325012,0.0007876026211306453,0.002676231501106592,0.00027421729424061787,1.0,0.9140576474687263,32,smoke
ln_f.weight,[64],7.995174407958984,0.06378837674856186,0.0007779787993058562,9.730604482266189e-05,0.00027421729424061787,1.0,0.9140576474687263,32,smoke
ln_f.bias,[64],0.025585323572158813,0.06420563161373138,0.0008372567244805396,0.032724101460714666,0.00027421729424061787,1.0,0.9140576474687263,32,smoke
lm_head.weight,"[33, 64]",3.3432393074035645,0.8557970523834229,0.005526627413928509,0.0016530756268897224,0.00027421729424061787,1.0,0.9140576474687263,32,smoke
token_emb.weight,"[33, 64]",46.13134002685547,0.042976152151823044,0.0034536405000835657,7.486538431515366e-05,0.00024435100905948387,1.0,0.8145033635316129,33,smoke
pos_emb.weight,"[32, 64]",44.93266296386719,0.04504479095339775,0.001369324279949069,3.0475030626389038e-05,0.00024435100905948387,1.0,0.8145033635316129,33,smoke
blocks.0.ln1.weight,[64],8.000800132751465,0.010347813367843628,0.0006352638592943549,7.940004109012638e-05,0.00024435100905948387,1.0,0.8145033635316129,33,smoke
blocks.0.ln1.bias,[64],0.024448664858937263,0.014556635171175003,0.0006476981798186898,0.026492169758788375,0.00024435100905948387,1.0,0.8145033635316129,33,smoke
blocks.0.attn.qkv.weight,"[192, 64]",8.002301216125488,0.1579652726650238,0.008513519540429115,0.0010638839142012634,0.00024435100905948387,1.0,0.8145033635316129,33,smoke
blocks.0.attn.proj.weight,"[64, 64]",4.644536972045898,0.16040919721126556,0.004846860188990831,0.0010435615472893546,0.00024435100905948387,1.0,0.8145033635316129,33,smoke
blocks.0.ln2.weight,[64],8.0054349899292,0.011825555004179478,0.0007990598096512258,9.981466474419434e-05,0.00024435100905948387,1.0,0.8145033635316129,33,smoke
blocks.0.ln2.bias,[64],0.023966193199157715,0.009544887579977512,0.0006146853556856513,0.025648018046823318,0.00024435100905948387,1.0,0.8145033635316129,33,smoke
blocks.0.mlp.fc1.weight,"[256, 64]",9.30260944366455,0.12037248909473419,0.010832421481609344,0.0011644497758622617,0.00024435100905948387,1.0,0.8145033635316129,33,smoke
blocks.0.mlp.fc1.bias,[256],1.1763029098510742,0.01567312516272068,0.001298772287555039,0.0011041138100384958,0.00024435100905948387,1.0,0.8145033635316129,33,smoke
blocks.0.mlp.fc2.weight,"[64, 256]",4.6028008460998535,0.23946602642536163,0.010456552729010582,0.0022717803960323113,0.00024435100905948387,1.0,0.8145033635316129,33,smoke
blocks.0.mlp.fc2.bias,[64],0.2731325626373291,0.04514678940176964,0.0005962991854175925,0.0021831859945947584,0.00024435100905948387,1.0,0.8145033635316129,33,smoke
blocks.1.ln1.weight,[64],8.000592231750488,0.010288228280842304,0.0006541058537550271,8.175717931970044e-05,0.00024435100905948387,1.0,0.8145033635316129,33,smoke
blocks.1.ln1.bias,[64],0.027178902179002762,0.014657551422715187,0.0006460301810875535,0.02376954657081949,0.00024435100905948387,1.0,0.8145033635316129,33,smoke
blocks.1.attn.qkv.weight,"[192, 64]",8.02453899383545,0.15126976370811462,0.009183929301798344,0.0011444806123882697,0.00024435100905948387,1.0,0.8145033635316129,33,smoke
blocks.1.attn.proj.weight,"[64, 64]",4.577667713165283,0.14829117059707642,0.005013745743781328,0.0010952620543780173,0.00024435100905948387,1.0,0.8145033635316129,33,smoke
blocks.1.ln2.weight,[64],8.012776374816895,0.011205228045582771,0.0009154397994279861,0.00011424751629224215,0.00024435100905948387,1.0,0.8145033635316129,33,smoke
blocks.1.ln2.bias,[64],0.024454917758703232,0.008654658682644367,0.0007140189991332591,0.029197358428210116,0.00024435100905948387,1.0,0.8145033635316129,33,smoke
blocks.1.mlp.fc1.weight,"[256, 64]",9.256773948669434,0.11545446515083313,0.010643518529832363,0.001149808625429625,0.00024435100905948387,1.0,0.8145033635316129,33,smoke
blocks.1.mlp.fc1.bias,[256],1.1332533359527588,0.013811384327709675,0.00131197739392519,0.0011577088302344794,0.00024435100905948387,1.0,0.8145033635316129,33,smoke
blocks.1.mlp.fc2.weight,"[64, 256]",4.655355453491211,0.21981698274612427,0.010582259856164455,0.00227313681240569,0.00024435100905948387,1.0,0.8145033635316129,33,smoke
blocks.1.mlp.fc2.bias,[64],0.29442670941352844,0.04031601548194885,0.0006202125805430114,0.002106509228658022,0.00024435100905948387,1.0,0.8145033635316129,33,smoke
ln_f.weight,[64],7.995181083679199,0.05941574648022652,0.0006645958637818694,8.31245542566295e-05,0.00024435100905948387,1.0,0.8145033635316129,33,smoke
ln_f.bias,[64],0.026289714500308037,0.06369706243276596,0.0006527923978865147,0.02483071460813566,0.00024435100905948387,1.0,0.8145033635316129,33,smoke
lm_head.weight,"[33, 64]",3.343262195587158,0.8685189485549927,0.004903837572783232,0.0014667822282248488,0.00024435100905948387,1.0,0.8145033635316129,33,smoke
token_emb.weight,"[33, 64]",46.131202697753906,0.0441444031894207,0.002856642007827759,6.192429073536482e-05,0.00020671729424061788,1.0,0.6890576474687263,34,smoke
pos_emb.weight,"[32, 64]",44.93264389038086,0.04108939692378044,0.0010554440086707473,2.348947040030947e-05,0.00020671729424061788,1.0,0.6890576474687263,34,smoke
blocks.0.ln1.weight,[64],8.000859260559082,0.009846922010183334,0.0005453070625662804,6.815606234375576e-05,0.00020671729424061788,1.0,0.6890576474687263,34,smoke
blocks.0.ln1.bias,[64],0.02491854317486286,0.009083467535674572,0.00048297634930349886,0.019382206492340695,0.00020671729424061788,1.0,0.6890576474687263,34,smoke
blocks.0.attn.qkv.weight,"[192, 64]",8.00261116027832,0.16419050097465515,0.007000335026532412,0.0008747563621832839,0.00020671729424061788,1.0,0.6890576474687263,34,smoke
blocks.0.attn.proj.weight,"[64, 64]",4.644591331481934,0.17545439302921295,0.004007764160633087,0.0008628884383148396,0.00020671729424061788,1.0,0.6890576474687263,34,smoke
blocks.0.ln2.weight,[64],8.005939483642578,0.011184120550751686,0.0006768606835976243,8.454481638045847e-05,0.00020671729424061788,1.0,0.6890576474687263,34,smoke
blocks.0.ln2.bias,[64],0.024452561512589455,0.008727123960852623,0.0004956835764460266,0.020271233187198926,0.00020671729424061788,1.0,0.6890576474687263,34,smoke
blocks.0.mlp.fc1.weight,"[256, 64]",9.30334186553955,0.12249702215194702,0.008864892646670341,0.0009528718577468097,0.00020671729424061788,1.0,0.6890576474687263,34,smoke
blocks.0.mlp.fc1.bias,[256],1.176138997077942,0.015033594332635403,0.0010334717808291316,0.0008786986771093724,0.00020671729424061788,1.0,0.6890576474687263,34,smoke
blocks.0.mlp.fc2.weight,"[64, 256]",4.603664875030518,0.23941968381404877,0.008541868068277836,0.0018554495820509115,0.00020671729424061788,1.0,0.6890576474687263,34,smoke
blocks.0.mlp.fc2.bias,[64],0.27312391996383667,0.0392572358250618,0.00044629769399762154,0.0016340483618451074,0.00020671729424061788,1.0,0.6890576474687263,34,smoke
blocks.1.ln1.weight,[64],8.000740051269531,0.013770388439297676,0.0005426921416074038,6.783024296874776e-05,0.00020671729424061788,1.0,0.6890576474687263,34,smoke
blocks.1.ln1.bias,[64],0.027666715905070305,0.013791183941066265,0.00046099937753751874,0.01666259844931701,0.00020671729424061788,1.0,0.6890576474687263,34,smoke
blocks.1.attn.qkv.weight,"[192, 64]",8.024958610534668,0.17039813101291656,0.007231554016470909,0.0009011328740035835,0.00020671729424061788,1.0,0.6890576474687263,34,smoke
blocks.1.attn.proj.weight,"[64, 64]",4.577840328216553,0.1550089716911316,0.004169835709035397,0.0009108739951749021,0.00020671729424061788,1.0,0.6890576474687263,34,smoke
blocks.1.ln2.weight,[64],8.013443946838379,0.007812999188899994,0.0007286180043593049,9.092445260651927e-05,0.00020671729424061788,1.0,0.6890576474687263,34,smoke
blocks.1.ln2.bias,[64],0.02501046285033226,0.0076369671151041985,0.0005246046930551529,0.02097540921951325,0.00020671729424061788,1.0,0.6890576474687263,34,smoke
blocks.1.mlp.fc1.weight,"[256, 64]",9.257525444030762,0.11014772951602936,0.008585989475250244,0.0009274605322080402,0.00020671729424061788,1.0,0.6890576474687263,34,smoke
blocks.1.mlp.fc1.bias,[256],1.13323974609375,0.012722018174827099,0.0010064576053991914,0.0008881241669015109,0.00020671729424061788,1.0,0.6890576474687263,34,smoke
blocks.1.mlp.fc2.weight,"[64, 256]",4.656322479248047,0.20552067458629608,0.008552906103432178,0.0018368371481034952,0.00020671729424061788,1.0,0.6890576474687263,34,smoke
blocks.1.mlp.fc2.bias,[64],0.29454612731933594,0.03538082540035248,0.0004650200717151165,0.0015787682423369941,0.00020671729424061788,1.0,0.6890576474687263,34,smoke
ln_f.weight,[64],7.9951701164245605,0.05735262483358383,0.000521340814884752,6.52069696195402e-05,0.00020671729424061788,1.0,0.6890576474687263,34,smoke
ln_f.bias,[64],0.02681773714721203,0.055070601403713226,0.0004915634053759277,0.018329786837627746,0.00020671729424061788,1.0,0.6890576474687263,34,smoke
lm_head.weight,"[33, 64]",3.343290090560913,0.8651447296142578,0.004025737289339304,0.0012041244344022492,0.00020671729424061788,1.0,0.6890576474687263,34,smoke
token_emb.weight,"[33, 64]",46.13111114501953,0.04683969169855118,0.0023087100125849247,5.004670287102288e-05,0.000165,1.0,0.55,35,smoke
pos_emb.weight,"[32, 64]",44.932621002197266,0.04490029811859131,0.0008435176569037139,1.877294575943978e-05,0.000165,1.0,0.55,35,smoke
blocks.0.ln1.weight,[64],8.000975608825684,0.011678597889840603,0.00044431668356992304,5.553281315841133e-05,0.000165,1.0,0.55,35,smoke
blocks.0.ln1.bias,[64],0.025270678102970123,0.016327394172549248,0.0004210629849694669,0.016662116594329868,0.000165,1.0,0.55,35,smoke
blocks.0.attn.qkv.weight,"[192, 64]",8.002939224243164,0.18291780352592468,0.005823597311973572,0.0007276823113103559,0.000165,1.0,0.55,35,smoke
blocks.0.attn.proj.weight,"[64, 64]",4.644680023193359,0.2007146030664444,0.00336151453666389,0.0007237343627285536,0.000165,1.0,0.55,35,smoke
blocks.0.ln2.weight,[64],8.00636100769043,0.010439816862344742,0.0005562775768339634,6.947945218803356e-05,0.000165,1.0,0.55,35,smoke
blocks.0.ln2.bias,[64],0.02482195384800434,0.0131900729611516,0.000414981332141906,0.016718318577297255,0.000165,1.0,0.55,35,smoke
blocks.0.mlp.fc1.weight,"[256, 64]",9.303936958312988,0.13539820909500122,0.007342193741351366,0.0007891491284010882,0.000165,1.0,0.55,35,smoke
blocks.0.mlp.fc1.bias,[256],1.1759965419769287,0.019920015707612038,0.0008639764855615795,0.0007346760425920788,0.000165,1.0,0.55,35,smoke
blocks.0.mlp.fc2.weight,"[64, 256]",4.6043782234191895,0.2529216706752777,0.007059337105602026,0.0015331792400755026,0.000165,1.0,0.55,35,smoke
blocks.0.mlp.fc2.bias,[64],0.27311787009239197,0.0483003631234169,0.000352408125763759,0.001290315150907351,0.000165,1.0,0.55,35,smoke
blocks.1.ln1.weight,[64],8.000905990600586,0.011994305066764355,0.00045051125925965607,5.63075306457686e-05,0.000165,1.0,0.55,35,smoke
blocks.1.ln1.bias,[64],0.028052857145667076,0.01382610946893692,0.0003267314750701189,0.011646994577897547,0.000165,1.0,0.55,35,smoke
blocks.1.attn.qkv.weight,"[192, 64]",8.025352478027344,0.18162034451961517,0.005625543184578419,0.0007009714775744273,0.000165,1.0,0.55,35,smoke
blocks.1.attn.proj.weight,"[64, 64]",4.578031539916992,0.18920975923538208,0.0035284876357764006,0.0007707434090417774,0.000165,1.0,0.55,35,smoke
blocks.1.ln2.weight,[64],8.013972282409668,0.010045543313026428,0.0005781571962870657,7.214364810770515e-05,0.000165,1.0,0.55,35,smoke
blocks.1.ln2.bias,[64],0.02542518451809883,0.009892052039504051,0.00043566556996665895,0.017135197963127145,0.000165,1.0,0.55,35,smoke
blocks.1.mlp.fc1.weight,"[256, 64]",9.258145332336426,0.12543392181396484,0.007014525588601828,0.0007576599131687655,0.000165,1.0,0.55,35,smoke
blocks.1.mlp.fc1.bias,[256],1.1332123279571533,0.016123346984386444,0.0008170343353413045,0.0007209896284963435,0.000165,1.0,0.55,35,smoke
blocks.1.mlp.fc2.weight,"[64, 256]",4.657103538513184,0.240693137049675,0.007065144833177328,0.001517068447104556,0.000165,1.0,0.55,35,smoke
blocks.1.mlp.fc2.bias,[64],0.29462066292762756,0.04782780259847641,0.00035715504782274365,0.0012122539005707058,0.000165,1.0,0.55,35,smoke
ln_f.weight,[64],7.995175361633301,0.06605873256921768,0.0004355215351097286,5.447304348065703e-05,0.000165,1.0,0.55,35,smoke
ln_f.bias,[64],0.027218958362936974,0.0672975480556488,0.00036832658224739134,0.013531986688694441,0.000165,1.0,0.55,35,smoke
lm_head.weight,"[33, 64]",3.343341112136841,0.8257720470428467,0.0032463029492646456,0.0009709756917952728,0.000165,1.0,0.55,35,smoke
token_emb.weight,"[33, 64]",46.13105392456055,0.045094218105077744,0.0018604131182655692,4.032886656584861e-05,0.00012328270575938212,1.0,0.41094235253127376,36,smoke
pos_emb.weight,"[32, 64]",44.932594299316406,0.045831866562366486,0.0006518533336929977,1.4507360277279046e-05,0.00012328270575938212,1.0,0.41094235253127376,36,smoke
blocks.0.ln1.weight,[64],8.001059532165527,0.013859280385077,0.0003314207715447992,4.142211043580356e-05,0.00012328270575938212,1.0,0.41094235253127376,36,smoke
blocks.0.ln1.bias,[64],0.025526683777570724,0.014752589166164398,0.0002788948768284172,0.010925621175809407,0.00012328270575938212,1.0,0.41094235253127376,36,smoke
blocks.0.attn.qkv.weight,"[192, 64]",8.003207206726074,0.15461032092571259,0.00424176175147295,0.0005300077383861908,0.00012328270575938212,1.0,0.41094235253127376,36,smoke
blocks.0.attn.proj.weight,"[64, 64]",4.644733905792236,0.15818721055984497,0.002496560802683234,0.0005375035154478681,0.00012328270575938212,1.0,0.41094235253127376,36,smoke
blocks.0.ln2.weight,[64],8.006693840026855,0.011364719830453396,0.0004127280553802848,5.154787526868899e-05,0.00012328270575938212,1.0,0.41094235253127376,36,smoke
blocks.0.ln2.bias,[64],0.025092607364058495,0.008904220536351204,0.0002946669119410217,0.011743176293552066,0.00012328270575938212,1.0,0.41094235253127376,36,smoke
blocks.0.mlp.fc1.weight,"[256, 64]",9.304409980773926,0.11867208778858185,0.005450133699923754,0.0005857581202016659,0.00012328270575938212,1.0,0.41094235253127376,36,smoke
blocks.0.mlp.fc1.bias,[256],1.1758737564086914,0.01372052077203989,0.0006261232774704695,0.0005324749141291759,0.00012328270575938212,1.0,0.41094235253127376,36,smoke
blocks.0.mlp.fc2.weight,"[64, 256]",4.604936122894287,0.23674213886260986,0.005341311451047659,0.0011599099984237232,0.00012328270575938212,1.0,0.41094235253127376,36,smoke
blocks.0.mlp.fc2.bias,[64],0.27310046553611755,0.039361994713544846,0.00025321447174064815,0.0009271843284615731,0.00012328270575938212,1.0,0.41094235253127376,36,smoke
blocks.1.ln1.weight,[64],8.001041412353516,0.013909106142818928,0.0003395876265130937,4.2442928240413094e-05,0.00012328270575938212,1.0,0.41094235253127376,36,smoke
blocks.1.ln1.bias,[64],0.028308456763625145,0.010788405314087868,0.0002402949467068538,0.008488450949951465,0.00012328270575938212,1.0,0.41094235253127376,36,smoke
blocks.1.attn.qkv.weight,"[192, 64]",8.025674819946289,0.15640296041965485,0.004441152326762676,0.0005533680875937107,0.00012328270575938212,1.0,0.41094235253127376,36,smoke
blocks.1.attn.proj.weight,"[64, 64]",4.578184604644775,0.1479351818561554,0.0026038726791739464,0.0005687565932863868,0.00012328270575938212,1.0,0.41094235253127376,36,smoke
blocks.1.ln2.weight,[64],8.014368057250977,0.009346788749098778,0.0004497833433561027,5.6122122186435214e-05,0.00012328270575938212,1.0,0.41094235253127376,36,smoke
blocks.1.ln2.bias,[64],0.025742288678884506,0.007075184024870396,0.00031928025418892503,0.012402947467946755,0.00012328270575938212,1.0,0.41094235253127376,36,smoke
blocks.1.mlp.fc1.weight,"[256, 64]",9.25860595703125,0.11975819617509842,0.005313490517437458,0.0005738974681606621,0.00012328270575938212,1.0,0.41094235253127376,36,smoke
blocks.1.mlp.fc1.bias,[256],1.1332038640975952,0.0126167181879282,0.0006008706986904144,0.0005302406016492947,0.00012328270575938212,1.0,0.41094235253127376,36,smoke
blocks.1.mlp.fc2.weight,"[64, 256]",4.657707691192627,0.23005150258541107,0.005348806269466877,0.0011483774045290703,0.00012328270575938212,1.0,0.41094235253127376,36,smoke
blocks.1.mlp.fc2.bias,[64],0.2946600019931793,0.03888485208153725,0.0002624192857183516,0.0008905833297470282,0.00012328270575938212,1.0,0.41094235253127376,36,smoke
ln_f.weight,[64],7.995202541351318,0.06847961992025375,0.00033219312899746,4.1549057360254694e-05,0.00012328270575938212,1.0,0.41094235253127376,36,smoke
ln_f.bias,[64],0.027484098449349403,0.05870603397488594,0.00027463899459689856,0.009992650663183741,0.00012328270575938212,1.0,0.41094235253127376,36,smoke
lm_head.weight,"[33, 64]",3.3434038162231445,0.8663631081581116,0.0024336182978004217,0.0007278864389613408,0.00012328270575938212,1.0,0.41094235253127376,36,smoke
token_emb.weight,"[33, 64]",46.1309928894043,0.04727932810783386,0.0013556134654209018,2.938617576844458e-05,8.564899094051614e-05,1.0,0.2854966364683872,37,smoke
pos_emb.weight,"[32, 64]",44.93257522583008,0.045295633375644684,0.00047952181193977594,1.0672030470760032e-05,8.564899094051614e-05,1.0,0.2854966364683872,37,smoke
blocks.0.ln1.weight,[64],8.001153945922852,0.010824190452694893,0.0002412327885394916,3.0149749669848133e-05,8.564899094051614e-05,1.0,0.2854966364683872,37,smoke
blocks.0.ln1.bias,[64],0.025732023641467094,0.011810536496341228,0.0002032193006016314,0.00789752502302788,8.564899094051614e-05,1.0,0.2854966364683872,37,smoke
blocks.0.attn.qkv.weight,"[192, 64]",8.003413200378418,0.15649734437465668,0.003035640809684992,0.00037929327571659805,8.564899094051614e-05,1.0,0.2854966364683872,37,smoke
blocks.0.attn.proj.weight,"[64, 64]",4.644803524017334,0.16691231727600098,0.001794101088307798,0.00038625984479878774,8.564899094051614e-05,1.0,0.2854966364683872,37,smoke
blocks.0.ln2.weight,[64],8.006953239440918,0.012330630794167519,0.000298908882541582,3.733116375267519e-05,8.564899094051614e-05,1.0,0.2854966364683872,37,smoke
blocks.0.ln2.bias,[64],0.02530043013393879,0.011068974621593952,0.00023258283908944577,0.009192841301834306,8.564899094051614e-05,1.0,0.2854966364683872,37,smoke
blocks.0.mlp.fc1.weight,"[256, 64]",9.304777145385742,0.13291189074516296,0.003874411340802908,0.00041638948254921253,8.564899094051614e-05,1.0,0.2854966364683872,37,smoke
blocks.0.mlp.fc1.bias,[256],1.1757817268371582,0.015169082209467888,0.0004563349939417094,0.00038811199691735835,8.564899094051614e-05,1.0,0.2854966364683872,37,smoke
blocks.0.mlp.fc2.weight,"[64, 256]",4.605360984802246,0.24289396405220032,0.003824216080829501,0.0008303835667713055,8.564899094051614e-05,1.0,0.2854966364683872,37,smoke
blocks.0.mlp.fc2.bias,[64],0.2730858027935028,0.037238411605358124,0.00019152455206494778,0.0007013347091125474,8.564899094051614e-05,1.0,0.2854966364683872,37,smoke
blocks.1.ln1.weight,[64],8.001165390014648,0.011578040197491646,0.0002442926343064755,3.053213155815396e-05,8.564899094051614e-05,1.0,0.2854966364683872,37,smoke
blocks.1.ln1.bias,[64],0.02849956788122654,0.010730146430432796,0.00018282061500940472,0.006414855683823675,8.564899094051614e-05,1.0,0.2854966364683872,37,smoke
blocks.1.attn.qkv.weight,"[192, 64]",8.02595043182373,0.1632768213748932,0.0032941733952611685,0.0004104402865733418,8.564899094051614e-05,1.0,0.2854966364683872,37,smoke
blocks.1.attn.proj.weight,"[64, 64]",4.578317165374756,0.15394341945648193,0.001850975677371025,0.0004042917103624284,8.564899094051614e-05,1.0,0.2854966364683872,37,smoke
blocks.1.ln2.weight,[64],8.014679908752441,0.012632150202989578,0.00033366132993251085,4.1631273329847594e-05,8.564899094051614e-05,1.0,0.2854966364683872,37,smoke
blocks.1.ln2.bias,[64],0.025985531508922577,0.00873807817697525,0.0002249567478429526,0.008657000060426313,8.564899094051614e-05,1.0,0.2854966364683872,37,smoke
blocks.1.mlp.fc1.weight,"[256, 64]",9.25896167755127,0.1280921995639801,0.0038164688739925623,0.000412191885753858,8.564899094051614e-05,1.0,0.2854966364683872,37,smoke
blocks.1.mlp.fc1.bias,[256],1.1331989765167236,0.014345337636768818,0.0004360821039881557,0.00038482394797831874,8.564899094051614e-05,1.0,0.2854966364683872,37,smoke
blocks.1.mlp.fc2.weight,"[64, 256]",4.658169746398926,0.24024935066699982,0.0038670517969876528,0.0008301654957888,8.564899094051614e-05,1.0,0.2854966364683872,37,smoke
blocks.1.mlp.fc2.bias,[64],0.294696182012558,0.03810575231909752,0.00019988713029306382,0.0006782820494245356,8.564899094051614e-05,1.0,0.2854966364683872,37,smoke
ln_f.weight,[64],7.995224952697754,0.05851375311613083,0.00023873054306022823,2.985914023340589e-05,8.564899094051614e-05,1.0,0.2854966364683872,37,smoke
ln_f.bias,[64],0.02769414894282818,0.0540146641433239,0.0002060323895420879,0.007439563857601161,8.564899094051614e-05,1.0,0.2854966364683872,37,smoke
lm_head.weight,"[33, 64]",3.343451976776123,0.8553247451782227,0.001729995827190578,0.0005174280471821528,8.564899094051614e-05,1.0,0.2854966364683872,37,smoke
token_emb.weight,"[33, 64]",46.130958557128906,0.03994213417172432,0.0008352627628482878,1.8106338757602284e-05,5.578270575938211e-05,1.0,0.18594235253127372,38,smoke
pos_emb.weight,"[32, 64]",44.932559967041016,0.045720621943473816,0.00029987379093654454,6.673863923099604e-06,5.578270575938211e-05,1.0,0.18594235253127372,38,smoke
blocks.0.ln1.weight,[64],8.00123405456543,0.010920573025941849,0.00015713271568529308,1.963856007882117e-05,5.578270575938211e-05,1.0,0.18594235253127372,38,smoke
blocks.0.ln1.bias,[64],0.025883596390485764,0.01279941014945507,0.00012724696716759354,0.0049161239129183265,5.578270575938211e-05,1.0,0.18594235253127372,38,smoke
blocks.0.attn.qkv.weight,"[192, 64]",8.003554344177246,0.15177768468856812,0.0019287856994196773,0.0002409911417447811,5.578270575938211e-05,1.0,0.18594235253127372,38,smoke
blocks.0.attn.proj.weight,"[64, 64]",4.644871234893799,0.15306439995765686,0.0011450053425505757,0.0002465095983606433,5.578270575938211e-05,1.0,0.18594235253127372,38,smoke
blocks.0.ln2.weight,[64],8.007153511047363,0.01141639519482851,0.0001985036360565573,2.479078686110919e-05,5.578270575938211e-05,1.0,0.18594235253127372,38,smoke
blocks.0.ln2.bias,[64],0.02545810490846634,0.009362342767417431,0.0001561630197102204,0.006134118005707757,5.578270575938211e-05,1.0,0.18594235253127372,38,smoke
blocks.0.mlp.fc1.weight,"[256, 64]",9.30504322052002,0.12211096286773682,0.002457092748954892,0.00026406032629019597,5.578270575938211e-05,1.0,0.18594235253127372,38,smoke
blocks.0.mlp.fc1.bias,[256],1.1757128238677979,0.01492936722934246,0.00029830739367753267,0.000253724708637758,5.578270575938211e-05,1.0,0.18594235253127372,38,smoke
blocks.0.mlp.fc2.weight,"[64, 256]",4.605659008026123,0.23006770014762878,0.0024172004777938128,0.0005248327055002207,5.578270575938211e-05,1.0,0.18594235253127372,38,smoke
blocks.0.mlp.fc2.bias,[64],0.2730671763420105,0.04015766829252243,0.00012762364349327981,0.0004673708689668145,5.578270575938211e-05,1.0,0.18594235253127372,38,smoke
blocks.1.ln1.weight,[64],8.001249313354492,0.008928606286644936,0.00015660472854506224,1.9572534539535094e-05,5.578270575938211e-05,1.0,0.18594235253127372,38,smoke
blocks.1.ln1.bias,[64],0.028630942106246948,0.011716248467564583,0.00012816148228012025,0.004476327806626973,5.578270575938211e-05,1.0,0.18594235253127372,38,smoke
blocks.1.attn.qkv.weight,"[192, 64]",8.02616024017334,0.15091325342655182,0.0020692069083452225,0.0002578078242181387,5.578270575938211e-05,1.0,0.18594235253127372,38,smoke
blocks.1.attn.proj.weight,"[64, 64]",4.578397274017334,0.14597484469413757,0.0011706410441547632,0.0002556879567437754,5.578270575938211e-05,1.0,0.18594235253127372,38,smoke
blocks.1.ln2.weight,[64],8.01491641998291,0.011993629857897758,0.00022190570598468184,2.768659014726881e-05,5.578270575938211e-05,1.0,0.18594235253127372,38,smoke
blocks.1.ln2.bias,[64],0.026147477328777313,0.009098684415221214,0.0001447204704163596,0.005534777546478014,5.578270575938211e-05,1.0,0.18594235253127372,38,smoke
blocks.1.mlp.fc1.weight,"[256, 64]",9.259236335754395,0.1245126947760582,0.0024108055513352156,0.00026036764414641065,5.578270575938211e-05,1.0,0.18594235253127372,38,smoke
blocks.1.mlp.fc1.bias,[256],1.1331899166107178,0.014768952503800392,0.0002793995663523674,0.0002465602298933524,5.578270575938211e-05,1.0,0.18594235253127372,38,smoke
blocks.1.mlp.fc2.weight,"[64, 256]",4.65850830078125,0.21985508501529694,0.0024304173421114683,0.0005217157908045109,5.578270575938211e-05,1.0,0.18594235253127372,38,smoke
blocks.1.mlp.fc2.bias,[64],0.2947162389755249,0.038192253559827805,0.00012958855950273573,0.0004397062067336493,5.578270575938211e-05,1.0,0.18594235253127372,38,smoke
ln_f.weight,[64],7.995241641998291,0.07031798362731934,0.00015473589883185923,1.935349871341541e-05,5.578270575938211e-05,1.0,0.18594235253127372,38,smoke
ln_f.bias,[64],0.027846021577715874,0.058435723185539246,0.00013337648124434054,0.004789785889955524,5.578270575938211e-05,1.0,0.18594235253127372,38,smoke
lm_head.weight,"[33, 64]",3.343486785888672,0.8725062012672424,0.0011005108244717121,0.00032915064271121536,5.578270575938211e-05,1.0,0.18594235253127372,38,smoke
token_emb.weight,"[33, 64]",46.13093948364258,0.04325266182422638,0.0005097041721455753,1.1049074175615037e-05,3.660737030015427e-05,1.0,0.12202456766718092,39,smoke
pos_emb.weight,"[32, 64]",44.93254852294922,0.042795803397893906,0.00018401280976831913,4.095312102636131e-06,3.660737030015427e-05,1.0,0.12202456766718092,39,smoke
blocks.0.ln1.weight,[64],8.001294136047363,0.00858750008046627,0.00010005155490944162,1.2504421560843538e-05,3.660737030015427e-05,1.0,0.12202456766718092,39,smoke
blocks.0.ln1.bias,[64],0.025976436212658882,0.012881931848824024,7.692853978369385e-05,0.002961473974101378,3.660737030015427e-05,1.0,0.12202456766718092,39,smoke
blocks.0.attn.qkv.weight,"[192, 64]",8.003647804260254,0.16006362438201904,0.0011575083481147885,0.00014462259914768607,3.660737030015427e-05,1.0,0.12202456766718092,39,smoke
blocks.0.attn.proj.weight,"[64, 64]",4.644920349121094,0.16513870656490326,0.0007437443127855659,0.00016011992819775614,3.660737030015427e-05,1.0,0.12202456766718092,39,smoke
blocks.0.ln2.weight,[64],8.007294654846191,0.010166021063923836,0.00012992689153179526,1.6226065997603904e-05,3.660737030015427e-05,1.0,0.12202456766718092,39,smoke
blocks.0.ln2.bias,[64],0.0255674347281456,0.010266151279211044,0.00010477349860593677,0.004097927684962392,3.660737030015427e-05,1.0,0.12202456766718092,39,smoke
blocks.0.mlp.fc1.weight,"[256, 64]",9.305217742919922,0.12274613231420517,0.0015540269669145346,0.0001670059755556983,3.660737030015427e-05,1.0,0.12202456766718092,39,smoke
blocks.0.mlp.fc1.bias,[256],1.1756744384765625,0.014568481594324112,0.0001933063322212547,0.00016442165100717917,3.660737030015427e-05,1.0,0.12202456766718092,39,smoke
blocks.0.mlp.fc2.weight,"[64, 256]",4.605859756469727,0.23384401202201843,0.0015253954334184527,0.0003311858185164607,3.660737030015427e-05,1.0,0.12202456766718092,39,smoke
blocks.0.mlp.fc2.bias,[64],0.27305319905281067,0.03709862381219864,8.248350059147924e-05,0.0003020784992726867,3.660737030015427e-05,1.0,0.12202456766718092,39,smoke
blocks.1.ln1.weight,[64],8.001301765441895,0.010175968520343304,9.97606766759418e-05,1.2468055773975953e-05,3.660737030015427e-05,1.0,0.12202456766718092,39,smoke
blocks.1.ln1.bias,[64],0.028720693662762642,0.012517598457634449,8.479840471409261e-05,0.002952519382358673,3.660737030015427e-05,1.0,0.12202456766718092,39,smoke
blocks.1.attn.qkv.weight,"[192, 64]",8.026284217834473,0.16623425483703613,0.0013001939514651895,0.0001619920147577315,3.660737030015427e-05,1.0,0.12202456766718092,39,smoke
blocks.1.attn.proj.weight,"[64, 64]",4.578447341918945,0.154515340924263,0.0007504675886593759,0.0001639131200195994,3.660737030015427e-05,1.0,0.12202456766718092,39,smoke
blocks.1.ln2.weight,[64],8.015079498291016,0.011807339265942574,0.00014343910152092576,1.7896154561100737e-05,3.660737030015427e-05,1.0,0.12202456766718092,39,smoke
blocks.1.ln2.bias,[64],0.026246974244713783,0.007875894196331501,8.920531399780884e-05,0.0033986894323933376,3.660737030015427e-05,1.0,0.12202456766718092,39,smoke
blocks.1.mlp.fc1.weight,"[256, 64]",9.259418487548828,0.12455529719591141,0.0015323038678616285,0.0001654859719238441,3.660737030015427e-05,1.0,0.12202456766718092,39,smoke
blocks.1.mlp.fc1.bias,[256],1.1331859827041626,0.013123396784067154,0.00018324343545828015,0.00016170640852880983,3.660737030015427e-05,1.0,0.12202456766718092,39,smoke
blocks.1.mlp.fc2.weight,"[64, 256]",4.658732891082764,0.22283457219600677,0.0015300780069082975,0.00032843222452976547,3.660737030015427e-05,1.0,0.12202456766718092,39,smoke
blocks.1.mlp.fc2.bias,[64],0.2947254776954651,0.034805361181497574,8.318978507304564e-05,0.00028226193990261083,3.660737030015427e-05,1.0,0.12202456766718092,39,smoke
ln_f.weight,[64],7.9952569007873535,0.07314283400774002,0.00010230909538222477,1.2796223642563582e-05,3.660737030015427e-05,1.0,0.12202456766718092,39,smoke
ln_f.bias,[64],0.027943529188632965,0.05538082495331764,8.687037188792601e-05,0.003108783121183693,3.660737030015427e-05,1.0,0.12202456766718092,39,smoke
lm_head.weight,"[33, 64]",3.3435144424438477,0.8629481792449951,0.0007074667373672128,0.00021159374351322074,3.660737030015427e-05,1.0,0.12202456766718092,39,smoke
